﻿Source Primary Key*,Descriptions.Source Primary Key,Keywords.Source Primary Key,Idnetifier,language,Name,Description,Language,Keyword
SourcePk1,DescPk1,Keypk1,B00005UPF6,Eng,Headphone Accessories,Accessories Supplies,Eng,Google Shopping
SourcePk2,DescPk2,Keypk2,B0035JJJ96,Eng,Inkjet Printer Ink,Printer Ink Toner,Eng,Google Shopping
SourcePk3,DescPk3,Keypk3,B00008XOKZ,Eng,Computers Accessories,Electronics,Eng,Google Shopping
SourcePk4,DescPk4,Keypk4,B000HJ75MK,Eng,Mice,Keyboards Mice Input Devices,Eng,Google Shopping
SourcePk5,DescPk5,Keypk5,B002LARRY4,Eng,Mice,Keyboards Mice Input Devices,Eng,Google Shopping
SourcePk6,DescPk6,Keypk6,B004TF3Q0I,Eng,Cases Sleeves,Touch Screen Tablet Accessories,Eng,Google Shopping
SourcePk7,DescPk7,Keypk7,B003ZYQTHG,Eng,Unlocked Phones,Cell Phones Accessories,Eng,Google Shopping
SourcePk8,DescPk8,Keypk8,B0006A0BEE,Eng,CD-R Discs,Blank Media,Eng,Google Shopping
SourcePk9,DescPk9,Keypk9,B000WXCH4C,Eng,DVD-R Discs,Blank Media,Eng,Google Shopping
SourcePk10,DescPk10,Keypk10,B004W7D6NK,Eng,Cleaning Repair,Computer Accessories,Eng,Google Shopping
SourcePk11,DescPk11,Keypk11,B0055QYJKG,Eng,Laptop Netbook Computer Accessories,Computer Accessories,Eng,Google Shopping
SourcePk12,DescPk12,Keypk12,B0036TGGW8,Eng,Laser Printers,Printers,Eng,Google Shopping
SourcePk13,DescPk13,Keypk13,B003BFU4TI,Eng,Laser Printer Toner,Printer Ink Toner,Eng,Google Shopping
SourcePk14,DescPk14,Keypk14,B0017OEZ6S,Eng,Printers,Computers Accessories,Eng,Google Shopping
SourcePk15,DescPk15,Keypk15,B003O7MY1E,Eng,Wireless Access Points,Networking Products,Eng,Google Shopping
SourcePk16,DescPk16,Keypk16,B003LGMJ4U,Eng,Chargers Adapters,Touch Screen Tablet Accessories,Eng,Google Shopping
SourcePk17,DescPk17,Keypk17,B0006V5OC2,Eng,Access-Control Keypads,Accessories,Eng,Google Shopping
SourcePk18,DescPk18,Keypk18,B00313JX56,Eng,Handheld GPS,GPS Navigation,Eng,Google Shopping
SourcePk19,DescPk19,Keypk19,B001XWCQO2,Eng,Scanners,Computers Accessories,Eng,Google Shopping
SourcePk20,DescPk20,Keypk20,B0058POH1U,Eng,Touch Screen Tablet Accessories,Computer Accessories,Eng,Google Shopping
SourcePk21,DescPk21,Keypk21,B000JCCT9Y,Eng,D,Household Batteries,Eng,Google Shopping
SourcePk22,DescPk22,Keypk22,B000CRUZ7Y,Eng,MP3 Player Accessories,MP3 Players Accessories,Eng,Google Shopping
SourcePk23,DescPk23,Keypk23,B003922SB0,Eng,MP3 Player Accessories,MP3 Players Accessories,Eng,Google Shopping
SourcePk24,DescPk24,Keypk24,B002C9E3PA,Eng,Computer Components,Computers Accessories,Eng,Google Shopping
SourcePk25,DescPk25,Keypk25,B001P817Q2,Eng,Audio Video Accessories,Accessories Supplies,Eng,Google Shopping
SourcePk26,DescPk26,Keypk26,B000Q7TP3A,Eng,Memory,Computer Components,Eng,Google Shopping
SourcePk27,DescPk27,Keypk27,B0057COP84,Eng,Printer Accessories,Computer Accessories,Eng,Google Shopping
SourcePk28,DescPk28,Keypk28,B000093S8V,Eng,Networking Products,Computers Accessories,Eng,Google Shopping
SourcePk29,DescPk29,Keypk29,B0032JTOBM,Eng,Digital Camera Accessories,Accessories,Eng,Google Shopping
SourcePk30,DescPk30,Keypk30,B000UU88WC,Eng,Computers Accessories,Electronics,Eng,Google Shopping
SourcePk31,DescPk31,Keypk31,B0041OSQB6,Eng,External Hard Drives,External Data Storage,Eng,Google Shopping
SourcePk32,DescPk32,Keypk32,B000B02B92,Eng,Blank Media,Accessories Supplies,Eng,Google Shopping
SourcePk33,DescPk33,Keypk33,B00007IFED,Eng,Computer Cable Adapters,Computer Accessories,Eng,Google Shopping
SourcePk34,DescPk34,Keypk34,B003CFATO2,Eng,Networking Products,Computers Accessories,Eng,Google Shopping
SourcePk35,DescPk35,Keypk35,B005C0KBXE,Eng,Plug Play Satellite Radios,Satellite Radio,Eng,Google Shopping
SourcePk36,DescPk36,Keypk36,B0039Z9D60,Eng,Computers Accessories,Electronics,Eng,Google Shopping
SourcePk37,DescPk37,Keypk37,B000KL6VI4,Eng,Microphones Accessories,Recording Equipment,Eng,Google Shopping
SourcePk38,DescPk38,Keypk38,B000JPGQ4U,Eng,USB Network Adapters,Network Adapters,Eng,Google Shopping
SourcePk39,DescPk39,Keypk39,B000Q7FGGU,Eng,Complete Tripod Units,Tripods Monopods,Eng,Google Shopping
SourcePk40,DescPk40,Keypk40,B0041ULUQ8,Eng,Network Cards,Computer Components,Eng,Google Shopping
SourcePk41,DescPk41,Keypk41,B002YNX5V2,Eng,Bags Cases,Laptop Netbook Computer Accessories,Eng,Google Shopping
SourcePk42,DescPk42,Keypk42,B002RL8VA6,Eng,USB Cables,Cables Interconnects,Eng,Google Shopping
SourcePk43,DescPk43,Keypk43,B003XWA29G,Eng,Internal Sound Cards,Computer Components,Eng,Google Shopping
SourcePk44,DescPk44,Keypk44,B002BXSDS0,Eng,Laminating Supplies,Office Electronics Accessories,Eng,Google Shopping
SourcePk45,DescPk45,Keypk45,B00009UHRE,Eng,Dash Mounting Kits,Car Audio Video Installation,Eng,Google Shopping
SourcePk46,DescPk46,Keypk46,B002HESEYQ,Eng,MP3 Players,MP3 Players Accessories,Eng,Google Shopping
SourcePk47,DescPk47,Keypk47,B0017P16J6,Eng,Media Storage Organization,Audio Video Accessories,Eng,Google Shopping
SourcePk48,DescPk48,Keypk48,B000P9CWTI,Eng,Computers Accessories,Electronics,Eng,Google Shopping
SourcePk49,DescPk49,Keypk49,B0039YXNVC,Eng,Accessories Supplies,Electronics,Eng,Google Shopping
SourcePk50,DescPk50,Keypk50,B0009JR42Y,Eng,Computer Monitor Mounts,Mounts,Eng,Google Shopping
SourcePk51,DescPk51,Keypk51,B000J079F0,Eng,Lamps,Projector Accessories,Eng,Google Shopping
SourcePk52,DescPk52,Keypk52,B0030V2PDQ,Eng,Computers Accessories,Electronics,Eng,Google Shopping
SourcePk53,DescPk53,Keypk53,B003ZSHNI6,Eng,Point Shoot Digital Cameras,Digital Cameras,Eng,Google Shopping
SourcePk54,DescPk54,Keypk54,B0042X9LB0,Eng,Camera Lenses,Lenses,Eng,Google Shopping
SourcePk55,DescPk55,Keypk55,B004CRSJYQ,Eng,Cases,MP3 Player Accessories,Eng,Google Shopping
SourcePk56,DescPk56,Keypk56,B0037LMC0A,Eng,TVs,Televisions,Eng,Google Shopping
SourcePk57,DescPk57,Keypk57,B005BZR25U,Eng,Cables Interconnects,Computer Accessories,Eng,Google Shopping
SourcePk58,DescPk58,Keypk58,B003WOLOM4,Eng,Camcorders,Camera Photo,Eng,Google Shopping
SourcePk59,DescPk59,Keypk59,B004XVN3ME,Eng,Cases Sleeves,Touch Screen Tablet Accessories,Eng,Google Shopping
SourcePk60,DescPk60,Keypk60,B000EYPO7Q,Eng,Chargers Adapters,Laptop Netbook Computer Accessories,Eng,Google Shopping
SourcePk61,DescPk61,Keypk61,B004HW67MW,Eng,Portable Vehicle GPS,Vehicle GPS,Eng,Google Shopping
SourcePk62,DescPk62,Keypk62,B001U0O7SA,Eng,Portable Vehicle GPS,Vehicle GPS,Eng,Google Shopping
SourcePk63,DescPk63,Keypk63,B000H9XBK0,Eng,Labeling Tapes,Office Electronics Accessories,Eng,Google Shopping
SourcePk64,DescPk64,Keypk64,B005I55SSQ,Eng,Covers Skins,Cases Covers,Eng,Google Shopping
SourcePk65,DescPk65,Keypk65,B000H10YZS,Eng,Photo Paper,Paper,Eng,Google Shopping
SourcePk66,DescPk66,Keypk66,B000X6VQ72,Eng,Inkjet Printer Ink,Printer Ink Toner,Eng,Google Shopping
SourcePk67,DescPk67,Keypk67,B004S4XO5M,Eng,Coaxial Speakers,Car Speakers,Eng,Google Shopping
SourcePk68,DescPk68,Keypk68,B00007E7D2,Eng,Laminating Supplies,Office Electronics Accessories,Eng,Google Shopping
SourcePk69,DescPk69,Keypk69,B0051OLBSA,Eng,Laptops,Computers Accessories,Eng,Google Shopping
SourcePk70,DescPk70,Keypk70,B0049SXL78,Eng,Computer Accessories,Computers Accessories,Eng,Google Shopping
SourcePk71,DescPk71,Keypk71,B000F7PBRU,Eng,Laminators,Presentation Products,Eng,Google Shopping
SourcePk72,DescPk72,Keypk72,B0057BJ6R0,Eng,Printer Accessories,Computer Accessories,Eng,Google Shopping
SourcePk73,DescPk73,Keypk73,B003ULPF9M,Eng,Screen Protector Foils,Accessories,Eng,Google Shopping
SourcePk74,DescPk74,Keypk74,B002JIN1IO,Eng,Photo Paper,Paper,Eng,Google Shopping
SourcePk75,DescPk75,Keypk75,B0009WM84K,Eng,Coaxial Speakers,Car Speakers,Eng,Google Shopping
SourcePk76,DescPk76,Keypk76,B000E39W20,Eng,Coaxial Speakers,Car Speakers,Eng,Google Shopping
SourcePk77,DescPk77,Keypk77,B003DPM55W,Eng,TVs,Televisions,Eng,Google Shopping
SourcePk78,DescPk78,Keypk78,B000VL0TRC,Eng,Audio Video Accessories,Accessories Supplies,Eng,Google Shopping
SourcePk79,DescPk79,Keypk79,B005D995Z4,Eng,Storage Presentation Materials,Photo Studio,Eng,Google Shopping
SourcePk80,DescPk80,Keypk80,B003HFRTKE,Eng,Computers Accessories,Electronics,Eng,Google Shopping
SourcePk81,DescPk81,Keypk81,B001EYV7OY,Eng,Print Servers,Networking Products,Eng,Google Shopping
SourcePk82,DescPk82,Keypk82,B000AQ7ME6,Eng,Coin Button Cell,Household Batteries,Eng,Google Shopping
SourcePk83,DescPk83,Keypk83,B003VNKN8C,Eng,Digital Security Recorders,Surveillance Video Recorders,Eng,Google Shopping
SourcePk84,DescPk84,Keypk84,B0032EAPTM,Eng,Accessories Supplies,Electronics,Eng,Google Shopping
SourcePk85,DescPk85,Keypk85,B000SAB33U,Eng,Laser Printer Toner,Printer Ink Toner,Eng,Google Shopping
SourcePk86,DescPk86,Keypk86,B0002VS66M,Eng,Shipping Labels,Labels Stickers,Eng,Google Shopping
SourcePk87,DescPk87,Keypk87,B004YO79DE,Eng,Office Electronics,Office Products,Eng,Google Shopping
SourcePk88,DescPk88,Keypk88,B001O7ZJ9K,Eng,Mice,Keyboards Mice Input Devices,Eng,Google Shopping
SourcePk89,DescPk89,Keypk89,B00004Z5AX,Eng,Modem Cables,Cables Interconnects,Eng,Google Shopping
SourcePk90,DescPk90,Keypk90,B004L62KIE,Eng,Computers Accessories,Electronics,Eng,Google Shopping
SourcePk91,DescPk91,Keypk91,B00066FHJW,Eng,Printer Labels Laser Inkjet,Labels Stickers,Eng,Google Shopping
SourcePk92,DescPk92,Keypk92,B0052RF16O,Eng,Disc Storage Wallets,Media Storage Organization,Eng,Google Shopping
SourcePk93,DescPk93,Keypk93,B00503RYAQ,Eng,Cases,Cases Covers,Eng,Google Shopping
SourcePk94,DescPk94,Keypk94,B0036AI7L0,Eng,External Hard Drives,External Data Storage,Eng,Google Shopping
SourcePk95,DescPk95,Keypk95,B002E3AI0S,Eng,Office Electronics,Office Products,Eng,Google Shopping
SourcePk96,DescPk96,Keypk96,B001B0G7JQ,Eng,Printing,Calculators,Eng,Google Shopping
SourcePk97,DescPk97,Keypk97,B004JO9JNC,Eng,Remote Controls,TV Accessories,Eng,Google Shopping
SourcePk98,DescPk98,Keypk98,B002W8S2FI,Eng,Headphones,Accessories Supplies,Eng,Google Shopping
SourcePk99,DescPk99,Keypk99,B004CRSH6G,Eng,Video Cables,Cables Interconnects,Eng,Google Shopping
SourcePk100,DescPk100,Keypk100,B0002GWRXK,Eng,RCA Cables,Audio Cables,Eng,Google Shopping
SourcePk101,DescPk101,Keypk101,B001J8JC2E,Eng,Laser Printer Toner,Printer Ink Toner,Eng,Google Shopping
SourcePk102,DescPk102,Keypk102,B000FNHO10,Eng,Printers,Computers Accessories,Eng,Google Shopping
SourcePk103,DescPk103,Keypk103,B0042GCXY4,Eng,Cases,Cases Covers,Eng,Google Shopping
SourcePk104,DescPk104,Keypk104,B0011F19CG,Eng,Mice,Keyboards Mice Input Devices,Eng,Google Shopping
SourcePk105,DescPk105,Keypk105,B004ETQHDM,Eng,Webcams,Computers Accessories,Eng,Google Shopping
SourcePk106,DescPk106,Keypk106,B002I3IRY8,Eng,Webcams,Computers Accessories,Eng,Google Shopping
SourcePk107,DescPk107,Keypk107,B0052RDN78,Eng,Cases Sleeves,Touch Screen Tablet Accessories,Eng,Google Shopping
SourcePk108,DescPk108,Keypk108,B004TA6Y8O,Eng,Cases Bags,Accessories,Eng,Google Shopping
SourcePk109,DescPk109,Keypk109,B00440D7XE,Eng,Mice,Keyboards Mice Input Devices,Eng,Google Shopping
SourcePk110,DescPk110,Keypk110,B000293TGG,Eng,Projection Screens,Televisions Video,Eng,Google Shopping
SourcePk111,DescPk111,Keypk111,B004T2NHFU,Eng,Computers Accessories,Electronics,Eng,Google Shopping
SourcePk112,DescPk112,Keypk112,B004Y8N1T6,Eng,Hard Drive Enclosures,Computer Accessories,Eng,Google Shopping
SourcePk113,DescPk113,Keypk113,B001J8FFD4,Eng,Printer Ink Toner,Computer Accessories,Eng,Google Shopping
SourcePk114,DescPk114,Keypk114,B003N0SXXA,Eng,Two-Way Radios Accessories,Portable Audio Video,Eng,Google Shopping
SourcePk115,DescPk115,Keypk115,B0024R57U0,Eng,External Hard Drives,External Data Storage,Eng,Google Shopping
SourcePk116,DescPk116,Keypk116,B002TMOL02,Eng,Storage Presentation Materials,Photo Studio,Eng,Google Shopping
SourcePk117,DescPk117,Keypk117,B000SIFHZM,Eng,Camera Batteries,Batteries,Eng,Google Shopping
SourcePk118,DescPk118,Keypk118,B001DJRB2M,Eng,Inkjet Printer Ink,Printer Ink Toner,Eng,Google Shopping
SourcePk119,DescPk119,Keypk119,B001RUI3Q0,Eng,Computers Accessories,Electronics,Eng,Google Shopping
SourcePk120,DescPk120,Keypk120,B001AZPC9I,Eng,Computers Accessories,Electronics,Eng,Google Shopping
SourcePk121,DescPk121,Keypk121,B003Y3BEUU,Eng,Mounts,Accessories,Eng,Google Shopping
SourcePk122,DescPk122,Keypk122,B004QY53BW,Eng,Satellite Radio Tuners Adapters,Satellite Radio,Eng,Google Shopping
SourcePk123,DescPk123,Keypk123,B0032FPYHY,Eng,Camcorders,Camera Photo,Eng,Google Shopping
SourcePk124,DescPk124,Keypk124,B004SHQXAM,Eng,Accessories Supplies,Electronics,Eng,Google Shopping
SourcePk125,DescPk125,Keypk125,B00083Y87U,Eng,Touch Pads,Keyboards Mice Input Devices,Eng,Google Shopping
SourcePk126,DescPk126,Keypk126,B0043EV02Q,Eng,Cases,MP3 Player Accessories,Eng,Google Shopping
SourcePk127,DescPk127,Keypk127,B001DTUTIK,Eng,Fishfinders,Boat Electronics,Eng,Google Shopping
SourcePk128,DescPk128,Keypk128,B002QD63BO,Eng,Boating GPS Units Chartplotters,Boat Electronics,Eng,Google Shopping
SourcePk129,DescPk129,Keypk129,B001MEG3TK,Eng,Blank Media,Accessories Supplies,Eng,Google Shopping
SourcePk130,DescPk130,Keypk130,B001HA8SOM,Eng,Inkjet Printer Ink,Printer Ink Toner,Eng,Google Shopping
SourcePk131,DescPk131,Keypk131,B000B5H49E,Eng,Batteries,Laptop Netbook Computer Accessories,Eng,Google Shopping
SourcePk132,DescPk132,Keypk132,B00001O304,Eng,Data Cartridges,Blank Media,Eng,Google Shopping
SourcePk133,DescPk133,Keypk133,B003FMUPLO,Eng,Memory Card Readers,Computer Accessories,Eng,Google Shopping
SourcePk134,DescPk134,Keypk134,B0002UB2CS,Eng,AC Adapters,Batteries Chargers Accessories,Eng,Google Shopping
SourcePk135,DescPk135,Keypk135,B0023B14UE,Eng,Camcorders,Camera Photo,Eng,Google Shopping
SourcePk136,DescPk136,Keypk136,B0019HF2DS,Eng,Batteries,Laptop Netbook Computer Accessories,Eng,Google Shopping
SourcePk137,DescPk137,Keypk137,B00006F2WA,Eng,Inkjet Printer Ink,Printer Ink Toner,Eng,Google Shopping
SourcePk138,DescPk138,Keypk138,B0033ZH2G4,Eng,Batteries,Telephone Accessories,Eng,Google Shopping
SourcePk139,DescPk139,Keypk139,B000F27V6Y,Eng,Memory,Computer Components,Eng,Google Shopping
SourcePk140,DescPk140,Keypk140,B002O1X9T2,Eng,Camera Batteries,Batteries,Eng,Google Shopping
SourcePk141,DescPk141,Keypk141,B001KN74RI,Eng,Filters,Accessories,Eng,Google Shopping
SourcePk142,DescPk142,Keypk142,B0009Y2WIK,Eng,Printer Ink Toner,Computer Accessories,Eng,Google Shopping
SourcePk143,DescPk143,Keypk143,B0001IVZ7S,Eng,Printer Accessories,Computer Accessories,Eng,Google Shopping
SourcePk144,DescPk144,Keypk144,B004SU598G,Eng,Memory Cards,Computer Accessories,Eng,Google Shopping
SourcePk145,DescPk145,Keypk145,B003BVUU5U,Eng,Unlocked Phones,Cell Phones Accessories,Eng,Google Shopping
SourcePk146,DescPk146,Keypk146,B0012S6ZNU,Eng,External Hard Drives,External Data Storage,Eng,Google Shopping
SourcePk147,DescPk147,Keypk147,B001RV5Z9C,Eng,DVD-RAM Discs,Blank Media,Eng,Google Shopping
SourcePk148,DescPk148,Keypk148,B002IPI0XO,Eng,USB Cables,Cables Interconnects,Eng,Google Shopping
SourcePk149,DescPk149,Keypk149,B00004Z6DZ,Eng,Laser Printer Toner,Printer Ink Toner,Eng,Google Shopping
SourcePk150,DescPk150,Keypk150,B0056YN83G,Eng,HDMI Cables,Video Cables,Eng,Google Shopping
SourcePk151,DescPk151,Keypk151,B002RL8I54,Eng,USB Network Adapters,Network Adapters,Eng,Google Shopping
SourcePk152,DescPk152,Keypk152,B0007T27HI,Eng,Networking Products,Computers Accessories,Eng,Google Shopping
SourcePk153,DescPk153,Keypk153,B002WBX9C6,Eng,USB Network Adapters,Network Adapters,Eng,Google Shopping
SourcePk154,DescPk154,Keypk154,B000S0J4C2,Eng,Networking Products,Computers Accessories,Eng,Google Shopping
SourcePk155,DescPk155,Keypk155,B0029AYGR2,Eng,Cases Bags,Accessories,Eng,Google Shopping
SourcePk156,DescPk156,Keypk156,B0037YTFZC,Eng,Computers Accessories,Electronics,Eng,Google Shopping
SourcePk157,DescPk157,Keypk157,B001RB24MI,Eng,Headphones,Accessories Supplies,Eng,Google Shopping
SourcePk158,DescPk158,Keypk158,B002C1BB8K,Eng,Lens Accessories,Accessories,Eng,Google Shopping
SourcePk159,DescPk159,Keypk159,B002SYWLQC,Eng,Computers Accessories,Electronics,Eng,Google Shopping
SourcePk160,DescPk160,Keypk160,B00009UHK2,Eng,Antennas,Audio Video Accessories,Eng,Google Shopping
SourcePk161,DescPk161,Keypk161,B00009UHJS,Eng,Audio Video Accessories,Car Electronics Accessories,Eng,Google Shopping
SourcePk162,DescPk162,Keypk162,B0036ORMYE,Eng,Computers Accessories,Electronics,Eng,Google Shopping
SourcePk163,DescPk163,Keypk163,B0012WDEIU,Eng,Memory Cards,Computer Accessories,Eng,Google Shopping
SourcePk164,DescPk164,Keypk164,B004M9GV4E,Eng,Point Shoot Digital Cameras,Digital Cameras,Eng,Google Shopping
SourcePk165,DescPk165,Keypk165,B0057WOGJW,Eng,Battery Chargers,Batteries Chargers,Eng,Google Shopping
SourcePk166,DescPk166,Keypk166,B000WIV004,Eng,KVM Switches,External Components,Eng,Google Shopping
SourcePk167,DescPk167,Keypk167,B0042X8XLY,Eng,Power Inverters,Jump Starters Battery Chargers Portable Power,Eng,Google Shopping
SourcePk168,DescPk168,Keypk168,B00006IA99,Eng,Easel Pads,Art Paper,Eng,Google Shopping
SourcePk169,DescPk169,Keypk169,B003VWU6BC,Eng,Scanners,Computers Accessories,Eng,Google Shopping
SourcePk170,DescPk170,Keypk170,B004CLYOHI,Eng,Coaxial Speakers,Car Speakers,Eng,Google Shopping
SourcePk171,DescPk171,Keypk171,B003M8HWDA,Eng,Speaker Systems,MP3 Player Accessories,Eng,Google Shopping
SourcePk172,DescPk172,Keypk172,B004NNXPMK,Eng,Touch Screen Tablet Accessories,Computer Accessories,Eng,Google Shopping
SourcePk173,DescPk173,Keypk173,B004I43MKE,Eng,Camcorders,Camera Photo,Eng,Google Shopping
SourcePk174,DescPk174,Keypk174,B004MLO87O,Eng,Cordless Telephones,Telephones Accessories,Eng,Google Shopping
SourcePk175,DescPk175,Keypk175,B0021A1RD6,Eng,Fax Machines,Office Electronics,Eng,Google Shopping
SourcePk176,DescPk176,Keypk176,B001BHOU84,Eng,USB Flash Drives,External Data Storage,Eng,Google Shopping
SourcePk177,DescPk177,Keypk177,B004YIG48G,Eng,Keyboard Mouse Combos,Keyboards Mice Input Devices,Eng,Google Shopping
SourcePk178,DescPk178,Keypk178,B00307F8PW,Eng,Bags Cases,Laptop Netbook Computer Accessories,Eng,Google Shopping
SourcePk179,DescPk179,Keypk179,B002ZG7TK6,Eng,Headsets,Accessories,Eng,Google Shopping
SourcePk180,DescPk180,Keypk180,B002PWABXW,Eng,Car Audio Video,Car Electronics,Eng,Google Shopping
SourcePk181,DescPk181,Keypk181,B00000JBLH,Eng,Financial Business,Calculators,Eng,Google Shopping
SourcePk182,DescPk182,Keypk182,B001L81U18,Eng,Computer Monitor Mounts,Mounts,Eng,Google Shopping
SourcePk183,DescPk183,Keypk183,B000BHKS2C,Eng,Printer Labels Laser Inkjet,Labels Stickers,Eng,Google Shopping
SourcePk184,DescPk184,Keypk184,B00479FQCM,Eng,Bags Cases,Laptop Netbook Computer Accessories,Eng,Google Shopping
SourcePk185,DescPk185,Keypk185,B000RM02RW,Eng,Mounts,Accessories Supplies,Eng,Google Shopping
SourcePk186,DescPk186,Keypk186,B00588QRFG,Eng,Printers,Computers Accessories,Eng,Google Shopping
SourcePk187,DescPk187,Keypk187,B002ONCD1K,Eng,Laser Printer Toner,Printer Ink Toner,Eng,Google Shopping
SourcePk188,DescPk188,Keypk188,B0051OLAJK,Eng,Laptops,Computers Accessories,Eng,Google Shopping
SourcePk189,DescPk189,Keypk189,B001TCBI54,Eng,Inkjet Printer Ink,Printer Ink Toner,Eng,Google Shopping
SourcePk190,DescPk190,Keypk190,B001694A00,Eng,Audio Video Accessories,Accessories Supplies,Eng,Google Shopping
SourcePk191,DescPk191,Keypk191,B002OW25K0,Eng,Mice,Keyboards Mice Input Devices,Eng,Google Shopping
SourcePk192,DescPk192,Keypk192,B003UJYD0Q,Eng,eBook Readers,eBook Readers Accessories,Eng,Google Shopping
SourcePk193,DescPk193,Keypk193,B004UU8TIG,Eng,Cases,MP3 Player Accessories,Eng,Google Shopping
SourcePk194,DescPk194,Keypk194,B0030BPK5Q,Eng,Cables Interconnects,Computer Accessories,Eng,Google Shopping
SourcePk195,DescPk195,Keypk195,B004MB9PB8,Eng,Selector Boxes,Audio Video Accessories,Eng,Google Shopping
SourcePk196,DescPk196,Keypk196,B00008BO9F,Eng,Laser Printer Toner,Printer Ink Toner,Eng,Google Shopping
SourcePk197,DescPk197,Keypk197,B000I98Z0K,Eng,Accessories Supplies,Electronics,Eng,Google Shopping
SourcePk198,DescPk198,Keypk198,B0007WTFAM,Eng,Dash Mounting Kits,Car Audio Video Installation,Eng,Google Shopping
SourcePk199,DescPk199,Keypk199,B0018P42I2,Eng,Laser Printer Toner,Printer Ink Toner,Eng,Google Shopping
SourcePk200,DescPk200,Keypk200,B003KGBD1Q,Eng,Bags Cases,Laptop Netbook Computer Accessories,Eng,Google Shopping
SourcePk201,DescPk201,Keypk201,B004U7THQM,Eng,Office Electronics,Office Products,Eng,Google Shopping
SourcePk202,DescPk202,Keypk202,B0057V160U,Eng,Blank Media,Accessories Supplies,Eng,Google Shopping
SourcePk203,DescPk203,Keypk203,B0036WT0OG,Eng,Printer Ink Toner,Computer Accessories,Eng,Google Shopping
SourcePk204,DescPk204,Keypk204,B005D9RD4O,Eng,Portfolios,Storage Presentation Materials,Eng,Google Shopping
SourcePk205,DescPk205,Keypk205,B005DBPX9O,Eng,Computer Accessories,Computers Accessories,Eng,Google Shopping
SourcePk206,DescPk206,Keypk206,B0057FS04Q,Eng,Radios,Portable Audio Video,Eng,Google Shopping
SourcePk207,DescPk207,Keypk207,B005847TDY,Eng,Networking Products,Computers Accessories,Eng,Google Shopping
SourcePk208,DescPk208,Keypk208,B0057VJ6YS,Eng,Blank Media,Accessories Supplies,Eng,Google Shopping
SourcePk209,DescPk209,Keypk209,B005D9S7N0,Eng,Laminating Supplies,Office Electronics Accessories,Eng,Google Shopping
SourcePk210,DescPk210,Keypk210,B005DC2BQ6,Eng,Computer Accessories,Computers Accessories,Eng,Google Shopping
SourcePk211,DescPk211,Keypk211,B0057OAOLO,Eng,Printers,Computers Accessories,Eng,Google Shopping
SourcePk212,DescPk212,Keypk212,B005D8LJYK,Eng,Radios,Portable Audio Video,Eng,Google Shopping
SourcePk213,DescPk213,Keypk213,B005D9IPVY,Eng,Laminating Supplies,Office Electronics Accessories,Eng,Google Shopping
SourcePk214,DescPk214,Keypk214,B005JORBGS,Eng,Shredders,Other Office Equipment,Eng,Google Shopping
SourcePk215,DescPk215,Keypk215,B005JOSFX6,Eng,Computer Accessories,Computers Accessories,Eng,Google Shopping
SourcePk216,DescPk216,Keypk216,B005JOR1JA,Eng,Computer Accessories,Computers Accessories,Eng,Google Shopping
SourcePk217,DescPk217,Keypk217,B005DB1C8A,Eng,Monitors,Computers Accessories,Eng,Google Shopping
SourcePk218,DescPk218,Keypk218,B0058494MS,Eng,Computers Accessories,Electronics,Eng,Google Shopping
SourcePk219,DescPk219,Keypk219,B005037NAW,Eng,Audio Video Accessories,Accessories Supplies,Eng,Google Shopping
SourcePk220,DescPk220,Keypk220,B004D7NQ3O,Eng,Audio Video Accessories,Accessories Supplies,Eng,Google Shopping
SourcePk221,DescPk221,Keypk221,B005DBAXSA,Eng,Audio Cables,Cables Interconnects,Eng,Google Shopping
SourcePk222,DescPk222,Keypk222,B004T2OOZ2,Eng,Computers Accessories,Electronics,Eng,Google Shopping
SourcePk223,DescPk223,Keypk223,B005EVESAI,Eng,Mouse Pads,Mouse Pads Wrist Rests,Eng,Google Shopping
SourcePk224,DescPk224,Keypk224,B004A2G8W8,Eng,Cases,Cases Covers,Eng,Google Shopping
SourcePk225,DescPk225,Keypk225,B005JOLVXM,Eng,Keyboards,Keyboards Mice Input Devices,Eng,Google Shopping
SourcePk226,DescPk226,Keypk226,B005JOSMUW,Eng,Binding Machine Supplies,Presentation Supplies,Eng,Google Shopping
SourcePk227,DescPk227,Keypk227,B005D8HTNA,Eng,Radios,Portable Audio Video,Eng,Google Shopping
SourcePk228,DescPk228,Keypk228,B005DC111W,Eng,Floor Sensors,Security Sensors Alarms,Eng,Google Shopping
SourcePk229,DescPk229,Keypk229,B005DEC93E,Eng,Radios,Portable Audio Video,Eng,Google Shopping
SourcePk230,DescPk230,Keypk230,B005DBPLL4,Eng,Computer Accessories,Computers Accessories,Eng,Google Shopping
SourcePk231,DescPk231,Keypk231,B005D9K648,Eng,Laminating Supplies,Office Electronics Accessories,Eng,Google Shopping
SourcePk232,DescPk232,Keypk232,B005D8N6ZU,Eng,Radios,Portable Audio Video,Eng,Google Shopping
SourcePk233,DescPk233,Keypk233,B005D9IQMC,Eng,Laminating Supplies,Office Electronics Accessories,Eng,Google Shopping
SourcePk234,DescPk234,Keypk234,B005DEA65C,Eng,Portfolios,Storage Presentation Materials,Eng,Google Shopping
SourcePk235,DescPk235,Keypk235,B0057YA356,Eng,Storage Presentation Materials,Photo Studio,Eng,Google Shopping
SourcePk236,DescPk236,Keypk236,B005JOLVWI,Eng,Keyboards,Keyboards Mice Input Devices,Eng,Google Shopping
SourcePk237,DescPk237,Keypk237,B005D9SETC,Eng,Laminating Supplies,Office Electronics Accessories,Eng,Google Shopping
SourcePk238,DescPk238,Keypk238,B000MVPP1Q,Eng,Projection Screens,Televisions Video,Eng,Google Shopping
SourcePk239,DescPk239,Keypk239,B005JOLWFY,Eng,Cables Interconnects,Computer Accessories,Eng,Google Shopping
SourcePk240,DescPk240,Keypk240,B005DEB458,Eng,Accessories,Satellite Television,Eng,Google Shopping
SourcePk241,DescPk241,Keypk241,B005D96XMC,Eng,Storage Presentation Materials,Photo Studio,Eng,Google Shopping
SourcePk242,DescPk242,Keypk242,B005JU2IQK,Eng,Keyboards,Keyboards Mice Input Devices,Eng,Google Shopping
SourcePk243,DescPk243,Keypk243,B005JOTSC8,Eng,Computer Accessories,Computers Accessories,Eng,Google Shopping
SourcePk244,DescPk244,Keypk244,B005AKQUJA,Eng,Audio Video Accessories,Accessories Supplies,Eng,Google Shopping
SourcePk245,DescPk245,Keypk245,B005C9THF8,Eng,Connectors Adapters,Cables Interconnects,Eng,Google Shopping
SourcePk246,DescPk246,Keypk246,B0039YGIFK,Eng,Printers,Computers Accessories,Eng,Google Shopping
SourcePk247,DescPk247,Keypk247,B0052606II,Eng,Power Strips,Batteries Chargers Accessories,Eng,Google Shopping
SourcePk248,DescPk248,Keypk248,B003YSZERO,Eng,Accessory Kits,Digital Camera Accessories,Eng,Google Shopping
SourcePk249,DescPk249,Keypk249,B003H431D4,Eng,Bags Cases,Laptop Netbook Computer Accessories,Eng,Google Shopping
SourcePk250,DescPk250,Keypk250,B0057VNYJ6,Eng,Printer Accessories,Computer Accessories,Eng,Google Shopping
SourcePk251,DescPk251,Keypk251,B005CMPWWW,Eng,Radios,Portable Audio Video,Eng,Google Shopping
SourcePk252,DescPk252,Keypk252,B005DEAOX6,Eng,Radios,Portable Audio Video,Eng,Google Shopping
SourcePk253,DescPk253,Keypk253,B005D950R6,Eng,Storage Presentation Materials,Photo Studio,Eng,Google Shopping
SourcePk254,DescPk254,Keypk254,B005DBU2ZO,Eng,BD-R Discs,Blank Media,Eng,Google Shopping
SourcePk255,DescPk255,Keypk255,B005DBR44Q,Eng,BD-R Discs,Blank Media,Eng,Google Shopping
SourcePk256,DescPk256,Keypk256,B004YTM600,Eng,Laminating Supplies,Office Electronics Accessories,Eng,Google Shopping
SourcePk257,DescPk257,Keypk257,B005DEC0Y2,Eng,Radios,Portable Audio Video,Eng,Google Shopping
SourcePk258,DescPk258,Keypk258,B005D98IY8,Eng,Storage Presentation Materials,Photo Studio,Eng,Google Shopping
SourcePk259,DescPk259,Keypk259,B005JOWSZ2,Eng,Computers Accessories,Electronics,Eng,Google Shopping
SourcePk260,DescPk260,Keypk260,B005D995IQ,Eng,Storage Presentation Materials,Photo Studio,Eng,Google Shopping
SourcePk261,DescPk261,Keypk261,B005JOR6QI,Eng,Computer Accessories,Computers Accessories,Eng,Google Shopping
SourcePk262,DescPk262,Keypk262,B0057WP4CA,Eng,Laminating Supplies,Office Electronics Accessories,Eng,Google Shopping
SourcePk263,DescPk263,Keypk263,B00589I47Y,Eng,Printers,Computers Accessories,Eng,Google Shopping
SourcePk264,DescPk264,Keypk264,B0057WQ8CK,Eng,Computers Accessories,Electronics,Eng,Google Shopping
SourcePk265,DescPk265,Keypk265,B0057GECCO,Eng,Printers,Computers Accessories,Eng,Google Shopping
SourcePk266,DescPk266,Keypk266,B004QDGZ6A,Eng,Audio Video Accessories,Accessories Supplies,Eng,Google Shopping
SourcePk267,DescPk267,Keypk267,B0047143JC,Eng,Speakers,Home Audio Theater,Eng,Google Shopping
SourcePk268,DescPk268,Keypk268,B005CK1UHU,Eng,Laminating Supplies,Office Electronics Accessories,Eng,Google Shopping
SourcePk269,DescPk269,Keypk269,B001GPLNU4,Eng,Laptop Netbook Computer Accessories,Computer Accessories,Eng,Google Shopping
SourcePk270,DescPk270,Keypk270,B000QW4B5C,Eng,Office Electronics Accessories,Accessories Supplies,Eng,Google Shopping
SourcePk271,DescPk271,Keypk271,B000H37J2C,Eng,Computers Accessories,Electronics,Eng,Google Shopping
SourcePk272,DescPk272,Keypk272,B005DEC6Y6,Eng,Complete Tripod Units,Tripods Monopods,Eng,Google Shopping
SourcePk273,DescPk273,Keypk273,B005D9AP4Y,Eng,Storage Presentation Materials,Photo Studio,Eng,Google Shopping
SourcePk274,DescPk274,Keypk274,B005D9M470,Eng,Storage Presentation Materials,Photo Studio,Eng,Google Shopping
SourcePk275,DescPk275,Keypk275,B00584JXB0,Eng,GPS Mapping Software,Language Travel,Eng,Google Shopping
SourcePk276,DescPk276,Keypk276,B005C0FFC6,Eng,Computers Accessories,Electronics,Eng,Google Shopping
SourcePk277,DescPk277,Keypk277,B0039XLC3O,Eng,Computers Accessories,Electronics,Eng,Google Shopping
SourcePk278,DescPk278,Keypk278,B0057X1766,Eng,Storage Presentation Materials,Photo Studio,Eng,Google Shopping
SourcePk279,DescPk279,Keypk279,B0057BGCR2,Eng,Printer Accessories,Computer Accessories,Eng,Google Shopping
SourcePk280,DescPk280,Keypk280,B002X1JE8S,Eng,Projection Screens,Televisions Video,Eng,Google Shopping
SourcePk281,DescPk281,Keypk281,B0056X6A1E,Eng,Distribution,Audio Video Accessories,Eng,Google Shopping
SourcePk282,DescPk282,Keypk282,B005JOSEKU,Eng,Surge Protectors,Computer Accessories,Eng,Google Shopping
SourcePk283,DescPk283,Keypk283,B005D9S38O,Eng,Laminating Supplies,Office Electronics Accessories,Eng,Google Shopping
SourcePk284,DescPk284,Keypk284,B005JOT1PC,Eng,Label Makers,Other Office Equipment,Eng,Google Shopping
SourcePk285,DescPk285,Keypk285,B0057OBFY4,Eng,Binding Machine Supplies,Presentation Supplies,Eng,Google Shopping
SourcePk286,DescPk286,Keypk286,B005C0ALN4,Eng,Printers,Computers Accessories,Eng,Google Shopping
SourcePk287,DescPk287,Keypk287,B003ZVNEKY,Eng,Audio Video Accessories,Accessories Supplies,Eng,Google Shopping
SourcePk288,DescPk288,Keypk288,B005D9JARW,Eng,Label Makers,Other Office Equipment,Eng,Google Shopping
SourcePk289,DescPk289,Keypk289,B005DA1KI8,Eng,Headphones,Accessories Supplies,Eng,Google Shopping
SourcePk290,DescPk290,Keypk290,B005JOSCG6,Eng,Computer Accessories,Computers Accessories,Eng,Google Shopping
SourcePk291,DescPk291,Keypk291,B0057HL7MG,Eng,Distribution,Audio Video Accessories,Eng,Google Shopping
SourcePk292,DescPk292,Keypk292,B005JOQWKE,Eng,Computer Accessories,Computers Accessories,Eng,Google Shopping
SourcePk293,DescPk293,Keypk293,B005JOSEJG,Eng,Storage Presentation Materials,Photo Studio,Eng,Google Shopping
SourcePk294,DescPk294,Keypk294,B005849AZO,Eng,Shredders,Other Office Equipment,Eng,Google Shopping
SourcePk295,DescPk295,Keypk295,B005D9KTUY,Eng,Laminating Supplies,Office Electronics Accessories,Eng,Google Shopping
SourcePk296,DescPk296,Keypk296,B004LGESNY,Eng,Printers,Computers Accessories,Eng,Google Shopping
SourcePk297,DescPk297,Keypk297,B0057OBG5M,Eng,Printers,Computers Accessories,Eng,Google Shopping
SourcePk298,DescPk298,Keypk298,B005JOYJEA,Eng,Computer Accessories,Computers Accessories,Eng,Google Shopping
SourcePk299,DescPk299,Keypk299,B005D8H9XA,Eng,Shredders,Other Office Equipment,Eng,Google Shopping
SourcePk300,DescPk300,Keypk300,B005JOMA7S,Eng,Bags Cases,Laptop Netbook Computer Accessories,Eng,Google Shopping
