﻿Source system,Source Primary Key*,Title,Identifier,GTIN,Manufacturer GLN,Manufacturer product number,Manufacturer name,Brand,Status,Description Language,Short Description,Type,Currency,Territory,Valid From,Valid To,Amount,Keyword,Tag,Product Highlight,Language
ERP,Demo01_0000017,Skoba Fabia,32100001,2.51E+13,,,,Fabia,Active,eng,Case A Exact,Gross List Price,USD,United States,,,36000,Fabia,Car,"The all-new FABIA takes the ŠKODA design language another step forward. In its appearance, it is self-assured yet approachable.",Eng
ERP,Demo01_0000018,Skoba Fabia,32100002,,2.51E+12,2507688EA#ABA,,,,eng,Case B Exact,Gross List Price,USD,United States,,,36001,Fabia,Car,"The all-new FABIA takes the ŠKODA design language another step forward. In its appearance, it is self-assured yet approachable.",Eng
ERP,Demo01_0000019,Skoba Fabia,32100003,,,2507688EA#ABA,skoda,,,eng,Case C Fuzzy,Gross List Price,USD,United States,,,36002,Fabia,Car,"The all-new FABIA takes the ŠKODA design language another step forward. In its appearance, it is self-assured yet approachable.",Eng
ERP,Demo01_0000020,Skoba Fabia,32100004,,,2507688EA#ABA,,fabia,,eng,Case D Fuzzy,Gross List Price,USD,United States,,,36003,Fabia,Car,"The all-new FABIA takes the ŠKODA design language another step forward. In its appearance, it is self-assured yet approachable.",Eng
