Source Primary Key,Name,DUNS Number,Supplier Type,Address,Address_Country,Address_State,Address_City,Address_Postal Code,Address_Address Line 1,Phone,Phone_Phone Number,Phone_Effective Start Date,Diversity,Diversity_Diversity Status,Diversity_Diversity Type,Sourcing Manager,Sourcing Manager_Name,Sourcing Manager_Employee ID,Segment,Segment_Segment Type,Segment_Segment Name,Email,Email_Electronic Address,Number of Employees,Online Sell Flag,Date of Incorporation,Financial,Financial_Amount
Supllier_Ash1,Herzog Inc,266026073,Wholesales,51120 State Route 18,US,AK,Salt Lake City,84115,51120 State Route 18,302-293-9853,302-293-9853,1/28/2022 11:18,Supllier_Ash1,TRUE,Small Business (SBE),Supllier_Ash1,Aswani1,1,Supllier_Deep1,Region,APAC,John_Smith@outlook.com,John_Smith@outlook.com,2310,TRUE,1/28/2022,Supllier_Ash1,1
Supllier_Ash2,Koch - Jacobs,791146147,Affiliate Merchant,1482 College Ave,US,AZ,Fayetteville,28301,1482 College Ave,256-922-3672,256-922-3672,1/28/2022 11:18,Supllier_Ash2,TRUE,Disadvantage Business Enterprise (DBE),Supllier_Ash2,Aswani2,2,Supllier_Deep2,Region,APAC,Robert_Keith@outlook.com,Robert_Keith@outlook.com,2022,TRUE,1/28/2022,Supllier_Ash2,2
Supllier_Ash3,Gulgowski - Howell,538400191,Distributor,4119 Metropolitan Dr,US,AZ,Los Angeles,90021,4119 Metropolitan Dr,312-975-8026,312-975-8026,1/28/2022 11:18,Supllier_Ash3,TRUE,HUBZone Small Business,Supllier_Ash3,Aswani3,3,Supllier_Deep3,Supplier Criticality,Medium,Calvin_Wiley@outlook.com,Calvin_Wiley@outlook.com,30,TRUE,1/28/2022,Supllier_Ash3,3
Supllier_Ash4,"Towne, Raynor and Ratke",900423690,Exporter,2167 Sierra Rd,US,CA,East Lansing,48823,2167 Sierra Rd,260-499-2322,260-499-2322,1/28/2022 11:18,Supllier_Ash4,FALSE,"Lesbian, Gay, Bisexual, and Transgender Owned  Business (LGBT)",Supllier_Ash4,Aswani4,4,Supllier_Deep4,Region,EMEA,Edward_Macias@outlook.com,Edward_Macias@outlook.com,1311,FALSE,1/28/2022,Supllier_Ash4,4
Supllier_Ash5,"Runolfsson, Hauck and Marquardt",167170914,Importer,6 Sunrise Ave,US,CO,Utica,13501,6 Sunrise Ave,246-818-2638,246-818-2638,1/28/2022 11:18,Supllier_Ash5,FALSE,Minority Business Enterprise (MBE),Supllier_Ash5,Aswani5,5,Supllier_Deep5,Region,APAC,Harry_Khan@outlook.com,Harry_Khan@outlook.com,3001,FALSE,1/28/2022,Supllier_Ash5,5
Supllier_Ash6,"Kovacek, Beahan and Morar",700010273,Manufacturer,55713 Lake City Hwy,US,AZ,South Bend,46601,55713 Lake City Hwy,246-656-2800,246-656-2800,1/28/2022 11:18,Supllier_Ash6,FALSE,Service-Disabled Veteran-Owned Small Business (SDVOSB),Supllier_Ash6,Aswani6,6,Supllier_Deep6,Supplier Criticality,Medium,Walter_Andrade@outlook.com,Walter_Andrade@outlook.com,12,FALSE,1/28/2022,Supllier_Ash6,6
Supllier_Ash7,"Considine, Donnelly and Kris",508591290,Vendor,75698 N Fiesta Blvd,US,DE,Orlando,32806,75698 N Fiesta Blvd,424-312-1691,424-312-1691,1/28/2022 11:18,Supllier_Ash7,FALSE,Small Disadvantaged Business (SDB),Supllier_Ash7,Aswani7,7,Supllier_Deep7,Region,NA,Arthur_Ware@outlook.com,Arthur_Ware@outlook.com,3013,FALSE,1/28/2022,Supllier_Ash7,7
Supllier_Ash8,Walter and Sons,670417793,Dropshipper,88 Sw 28th Ter,US,DC,Harrison,7029,88 Sw 28th Ter,209-751-9003,209-751-9003,1/28/2022 11:18,Supllier_Ash8,TRUE,Veteran-Owned Small Business (VOSB),Supllier_Ash8,Aswani8,8,Supllier_Deep8,Region,APAC,Fred_Stephenson@outlook.com,Fred_Stephenson@outlook.com,2010,FALSE,1/28/2022,Supllier_Ash8,8
Supllier_Ash9,Lueilwitz - Greenholt,767500907,Franchisor,7 Flowers Rd #403,US,FL,Trenton,8611,7 Flowers Rd #403,432-200-8577,432-200-8577,1/28/2022 11:18,Supllier_Ash9,TRUE,Women Business Enterprise (WBE),Supllier_Ash9,Aswani9,9,Supllier_Deep9,Supplier Criticality,Medium,Albert_Henson@outlook.com,Albert_Henson@outlook.com,100,FALSE,1/29/2022,Supllier_Ash9,9
Supllier_Ash10,Senger - Schimmel,203766023,Franchisor,4 Nw 12th St #3849,US,FL,Madison,53717,4 Nw 12th St #3849,289-382-4541,289-382-4541,1/28/2022 11:18,Supllier_Ash9,TRUE,Women Business Enterprise (WBE),Supllier_Ash9,Aswani10,10,Supllier_Deep10,Supplier Criticality,Medium,Samuel_Wilkerson@outlook.com,Samuel_Wilkerson@outlook.com,2333,FALSE,1/29/2022,Supllier_Ash10,9
Supllier_Ash11,Russel and Sons,454226468,Wholesales,2 A Kelley Dr,US,HI,Katonah,10536,2 A Kelley Dr,405-861-9748,405-861-9748,1/29/2022 11:18,Supllier_Ash10,TRUE,Small Business (SBE),Supllier_Ash10,Aswani11,11,Supllier_Deep11,Region,APAC,David_Dyer@outlook.com,David_Dyer@outlook.com,1210,TRUE,1/30/2022,Supllier_Ash11,9
Supllier_Ash12,Ondricka Group,220398015,Affiliate Merchant,88827 Frankford Ave,US,ID,Greensboro,27401,88827 Frankford Ave,416-370-5333,416-370-5333,1/30/2022 11:18,Supllier_Ash11,TRUE,Disadvantage Business Enterprise (DBE),Supllier_Ash11,Aswani12,12,Supllier_Deep12,Region,APAC,Louis_Mcclure@outlook.com,Louis_Mcclure@outlook.com,230,TRUE,1/31/2022,Supllier_Ash12,9
Supllier_Ash13,Wisozk - Baumbach,948402532,Distributor,2 W Scyene Rd #3,US,IL,Baltimore,21217,2 W Scyene Rd #3,236-473-1708,236-473-1708,1/31/2022 11:18,Supllier_Ash12,TRUE,HUBZone Small Business,Supllier_Ash12,Aswani13,13,Supllier_Deep13,Supplier Criticality,Medium,William_Humphrey@outlook.com,William_Humphrey@outlook.com,1120,TRUE,02-01-2022,Supllier_Ash13,9
Supllier_Ash14,Schulist Inc,301769035,Exporter,62260 Park Stre,US,IL,Monroe Township,8831,62260 Park Stre,372-730-2692,372-730-2692,02-01-2022 11.18,Supllier_Ash13,FALSE,"Lesbian, Gay, Bisexual, and Transgender Owned  Business (LGBT)",Supllier_Ash13,Aswani14,14,Supllier_Deep14,Region,EMEA,Joe_Blackwell@outlook.com,Joe_Blackwell@outlook.com,2112,FALSE,02-02-2022,Supllier_Ash14,9
Supllier_Ash15,Nikolaus Inc,387102977,Importer,3424 29th St Se,US,IA,Kerrville,78028,3424 29th St Se,362-258-2769,362-258-2769,02-02-2022 11.18,Supllier_Ash14,FALSE,Minority Business Enterprise (MBE),Supllier_Ash14,Aswani15,15,Supllier_Deep15,Region,APAC,Charlie_Mercado@outlook.com,Charlie_Mercado@outlook.com,2301,FALSE,02-03-2022,Supllier_Ash15,9
Supllier_Ash16,Flatley - Schulist,695086181,Manufacturer,35 E Main St #43,US,KS,Elk Grove Village,60007,35 E Main St #43,444-519-5906,444-519-5906,02-03-2022 11.18,Supllier_Ash15,FALSE,Service-Disabled Veteran-Owned Small Business (SDVOSB),Supllier_Ash15,Aswani16,16,Supllier_Deep16,Supplier Criticality,Medium,Clarence_Tanner@outlook.com,Clarence_Tanner@outlook.com,3030,FALSE,02-04-2022,Supllier_Ash16,9
Supllier_Ash17,Veum Inc,330012246,Vendor,7163 W Clark Rd,US,KY,Freehold,7728,7163 W Clark Rd,253-605-4781,253-605-4781,02-04-2022 11.18,Supllier_Ash16,FALSE,Small Disadvantaged Business (SDB),Supllier_Ash16,Aswani17,17,Supllier_Deep17,Region,NA,Richard_Eaton@outlook.com,Richard_Eaton@outlook.com,2302,FALSE,02-05-2022,Supllier_Ash17,9
Supllier_Ash18,Heathcote - Frami,828045135,Dropshipper,21575 S Apple Creek Rd,US,LA,Omaha,68124,21575 S Apple Creek Rd,214-896-5943,214-896-5943,02-05-2022 11.18,Supllier_Ash17,TRUE,Veteran-Owned Small Business (VOSB),Supllier_Ash17,Aswani18,18,Supllier_Deep18,Region,APAC,Andrew_Clay@outlook.com,Andrew_Clay@outlook.com,3122,FALSE,02-06-2022,Supllier_Ash18,9
Supllier_Ash19,Feil Inc,991314526,Franchisor,747 Leonis Blvd,US,ME,Annandale,22003,747 Leonis Blvd,436-221-5602,436-221-5602,02-06-2022 11.18,Supllier_Ash18,TRUE,Women Business Enterprise (WBE),Supllier_Ash18,Aswani19,19,Supllier_Deep19,Supplier Criticality,Medium,Daniel_Barron@outlook.com,Daniel_Barron@outlook.com,2220,FALSE,02-07-2022,Supllier_Ash19,9
Supllier_Ash20,Bailey - Goyette,180141161,Franchisor,13 Gunnison St,US,MD,Plano,75075,13 Gunnison St,410-558-1665,410-558-1665,02-07-2022 11.18,Supllier_Ash19,TRUE,Women Business Enterprise (WBE),Supllier_Ash19,Aswani20,20,Supllier_Deep20,Supplier Criticality,Medium,Ernest_Beasley@outlook.com,Ernest_Beasley@outlook.com,3331,FALSE,02-08-2022,Supllier_Ash20,9
Supllier_Ash21,Denesik LLC,631544721,Distributor,18 3rd Ave,US,MA,New York,10016,18 3rd Ave,274-510-4633,274-510-4633,02-08-2022 11.18,Supllier_Ash20,TRUE,Small Business (SBE),Supllier_Ash20,Aswani21,21,Supllier_Deep21,Region,APAC,Will_Oneal@outlook.com,Will_Oneal@outlook.com,3231,TRUE,02-09-2022,Supllier_Ash21,9
Supllier_Ash22,Corkery Group,460702855,Exporter,62 W Austin St,US,MI,Syosset,11791,62 W Austin St,330-816-1541,330-816-1541,02-09-2022 11.18,Supllier_Ash21,TRUE,Disadvantage Business Enterprise (DBE),Supllier_Ash21,Aswani22,22,Supllier_Deep22,Region,APAC,Jesse_Preston@outlook.com,Jesse_Preston@outlook.com,2212,TRUE,02-10-2022,Supllier_Ash22,9
Supllier_Ash23,Stehr and Sons,478898210,Importer,177 S Rider Trl #52,US,MI,Crystal River,34429,177 S Rider Trl #52,415-598-8301,415-598-8301,02-10-2022 11.18,Supllier_Ash22,TRUE,HUBZone Small Business,Supllier_Ash22,Aswani23,23,Supllier_Deep23,Supplier Criticality,Medium,Oscar_Small@outlook.com,Oscar_Small@outlook.com,2233,TRUE,02-11-2022,Supllier_Ash23,9
Supllier_Ash24,"Douglas, Bins and Bradtke",850907760,Manufacturer,2 W Mount Royal Ave,US,MS,Fortville,46040,2 W Mount Royal Ave,288-542-6023,288-542-6023,02-11-2022 11.18,Supllier_Ash23,FALSE,"Lesbian, Gay, Bisexual, and Transgender Owned  Business (LGBT)",Supllier_Ash23,Aswani24,24,Supllier_Deep24,Region,EMEA,James_Johns@outlook.com,James_Johns@outlook.com,3321,FALSE,02-12-2022,Supllier_Ash24,9
Supllier_Ash25,Nikolaus Inc,587889090,Vendor,1953 Telegraph Rd,US,MO,Saint Joseph,64504,1953 Telegraph Rd,446-557-9673,446-557-9673,02-12-2022 11.18,Supllier_Ash24,FALSE,Minority Business Enterprise (MBE),Supllier_Ash24,Aswani25,25,Supllier_Deep25,Region,APAC,Lewis_Wu@outlook.com,Lewis_Wu@outlook.com,3232,FALSE,2/13/2022,Supllier_Ash25,9
Supllier_Ash26,Fahey and Sons,373390249,Dropshipper,63517 Dupont St,US,MT,Jackson,39211,63517 Dupont St,221-234-9632,221-234-9632,2/13/2022 11:18,Supllier_Ash25,FALSE,Service-Disabled Veteran-Owned Small Business (SDVOSB),Supllier_Ash25,Aswani26,26,Supllier_Deep26,Supplier Criticality,Medium,Peter_Zamora@outlook.com,Peter_Zamora@outlook.com,1301,FALSE,2/14/2022,Supllier_Ash26,9
Supllier_Ash27,Crona - Rath,464786855,Franchisor,5 E Truman Rd,US,NE,Abilene,79602,5 E Truman Rd,354-869-2649,354-869-2649,2/14/2022 11:18,Supllier_Ash26,FALSE,Small Disadvantaged Business (SDB),Supllier_Ash26,Aswani27,27,Supllier_Deep27,Region,NA,Benjamin_Macdonald@outlook.com,Benjamin_Macdonald@outlook.com,1232,FALSE,2/15/2022,Supllier_Ash27,9
Supllier_Ash28,Padberg LLC,766926261,Franchisor,251 Park Ave #979,US,NV,Saratoga,95070,251 Park Ave #979,366-805-4309,366-805-4309,2/15/2022 11:18,Supllier_Ash27,TRUE,Veteran-Owned Small Business (VOSB),Supllier_Ash27,Aswani28,28,Supllier_Deep28,Region,APAC,Frederick_Vance@outlook.com,Frederick_Vance@outlook.com,232,FALSE,2/16/2022,Supllier_Ash28,9
Supllier_Ash29,Weissnat - Gulgowski,731563093,Wholesales,43496 Commercial Dr #29,US,NH,Cherry Hill,8003,43496 Commercial Dr #29,367-312-2629,367-312-2629,2/16/2022 11:18,Supllier_Ash28,TRUE,Women Business Enterprise (WBE),Supllier_Ash28,Aswani29,29,Supllier_Deep29,Supplier Criticality,Medium,Willie_Snow@outlook.com,Willie_Snow@outlook.com,13,FALSE,2/17/2022,Supllier_Ash29,9
Supllier_Ash30,"Bergstrom, Pollich and Mosciski",258910715,Affiliate Merchant,2184 Worth St,US,NJ,Hayward,94545,2184 Worth St,403-974-8671,403-974-8671,2/17/2022 11:18,Supllier_Ash29,TRUE,Women Business Enterprise (WBE),Supllier_Ash29,Aswani30,30,Supllier_Deep30,Supplier Criticality,Medium,Alfred_Mcclain@outlook.com,Alfred_Mcclain@outlook.com,1230,FALSE,2/18/2022,Supllier_Ash30,9
Supllier_Ash31,"Hessel, Cruickshank and Monahan",387802000,Distributor,50126 N Plankinton Ave,US,NM,Longwood,32750,50126 N Plankinton Ave,499-538-5106,499-538-5106,2/18/2022 11:18,Supllier_Ash30,TRUE,Small Business (SBE),Supllier_Ash30,Aswani31,31,Supllier_Deep31,Region,APAC,Sam_Stafford@outlook.com,Sam_Stafford@outlook.com,3131,TRUE,2/19/2022,Supllier_Ash31,9
Supllier_Ash32,"Bauch, Ebert and Stamm",310786280,Exporter,38773 Gravois Ave,US,NY,Cheyenne,82001,38773 Gravois Ave,271-403-1488,271-403-1488,2/19/2022 11:18,Supllier_Ash31,TRUE,Disadvantage Business Enterprise (DBE),Supllier_Ash31,Aswani32,32,Supllier_Deep32,Region,APAC,Roy_Orozco@outlook.com,Roy_Orozco@outlook.com,1310,TRUE,2/20/2022,Supllier_Ash32,9
Supllier_Ash33,Dicki - Kub,477650141,Importer,16452 Greenwich St,US,NC,Garden City,11530,16452 Greenwich St,321-393-9967,321-393-9967,2/20/2022 11:18,Supllier_Ash32,TRUE,HUBZone Small Business,Supllier_Ash32,Aswani33,33,Supllier_Deep33,Supplier Criticality,Medium,Herbert_Barry@outlook.com,Herbert_Barry@outlook.com,102,TRUE,2/21/2022,Supllier_Ash33,9
Supllier_Ash34,Veum and Sons,857033321,Manufacturer,40 Cambridge Ave,US,ND,Madison,53715,40 Cambridge Ave,357-967-7194,357-967-7194,2/21/2022 11:18,Supllier_Ash33,FALSE,"Lesbian, Gay, Bisexual, and Transgender Owned  Business (LGBT)",Supllier_Ash33,Aswani34,34,Supllier_Deep34,Region,EMEA,Jacob_English@outlook.com,Jacob_English@outlook.com,3113,FALSE,2/22/2022,Supllier_Ash34,9
Supllier_Ash35,"Koelpin, Balistreri and Friesen",949577398,Vendor,20113 4th Ave E,US,OH,Kearny,7032,20113 4th Ave E,307-431-2989,307-431-2989,2/22/2022 11:18,Supllier_Ash34,FALSE,Minority Business Enterprise (MBE),Supllier_Ash34,Aswani35,35,Supllier_Deep35,Region,APAC,Charles_Koch@outlook.com,Charles_Koch@outlook.com,3302,FALSE,2/23/2022,Supllier_Ash35,9
Supllier_Ash36,"D'Amore, Bashirian and Streich",959089294,Dropshipper,6 Ridgewood Center Dr,US,OK,Old Forge,18518,6 Ridgewood Center Dr,457-648-3035,457-648-3035,2/23/2022 11:18,Supllier_Ash35,FALSE,Service-Disabled Veteran-Owned Small Business (SDVOSB),Supllier_Ash35,Aswani36,36,Supllier_Deep36,Supplier Criticality,Medium,Tom_Shannon@outlook.com,Tom_Shannon@outlook.com,2023,FALSE,2/24/2022,Supllier_Ash36,9
Supllier_Ash37,Mante - Runolfsson,879064760,Franchisor,469 Outwater Ln,US,OK,San Diego,92126,469 Outwater Ln,354-617-7834,354-617-7834,2/24/2022 11:18,Supllier_Ash36,FALSE,Small Disadvantaged Business (SDB),Supllier_Ash36,Aswani37,37,Supllier_Deep37,Region,NA,Elmer_Kline@outlook.com,Elmer_Kline@outlook.com,20,FALSE,2/25/2022,Supllier_Ash37,9
Supllier_Ash38,Abernathy - Jacobs,642057596,Franchisor,62 Monroe St,US,PA,Thousand Palms,92276,62 Monroe St,475-616-5388,475-616-5388,2/25/2022 11:18,Supllier_Ash37,TRUE,Veteran-Owned Small Business (VOSB),Supllier_Ash37,Aswani38,38,Supllier_Deep38,Region,APAC,Carl_Jacobson@outlook.com,Carl_Jacobson@outlook.com,323,FALSE,2/26/2022,Supllier_Ash38,9
Supllier_Ash39,Kris and Sons,687717686,Distributor,3338 A Lockport Pl #6,US,RI,Margate City,8402,3338 A Lockport Pl #6,202-373-3332,202-373-3332,2/26/2022 11:18,Supllier_Ash38,TRUE,Women Business Enterprise (WBE),Supllier_Ash38,Aswani39,39,Supllier_Deep39,Supplier Criticality,Medium,Lee_Woodard@outlook.com,Lee_Woodard@outlook.com,1322,FALSE,2/27/2022,Supllier_Ash39,9
Supllier_Ash40,"Fisher, Kiehn and Sanford",388675613,Exporter,9 Hwy,US,SC,Providence,2906,9 Hwy,494-465-6432,494-465-6432,2/27/2022 11:18,Supllier_Ash39,TRUE,Women Business Enterprise (WBE),Supllier_Ash39,Aswani40,40,Supllier_Deep40,Supplier Criticality,Medium,Howard_Huang@outlook.com,Howard_Huang@outlook.com,2122,FALSE,2/28/2022,Supllier_Ash40,9
Supllier_Ash41,Langworth Group,975608968,Importer,8284 Hart St,US,SD,Abilene,67410,8284 Hart St,426-347-1805,426-347-1805,2/28/2022 11:18,Supllier_Ash40,TRUE,Small Business (SBE),Supllier_Ash40,Aswani41,41,Supllier_Deep41,Region,APAC,Martin_Kemp@outlook.com,Martin_Kemp@outlook.com,2021,TRUE,03-01-2022,Supllier_Ash41,9
Supllier_Ash42,"Klein, Lind and Hilll",217448406,Manufacturer,5 Washington St #1,US,SD,Roseville,95678,5 Washington St #1,297-920-3571,297-920-3571,03-01-2022 11.18,Supllier_Ash41,TRUE,Disadvantage Business Enterprise (DBE),Supllier_Ash41,Aswani42,42,Supllier_Deep42,Region,APAC,Michael_Mosley@outlook.com,Michael_Mosley@outlook.com,3102,TRUE,03-02-2022,Supllier_Ash42,9
Supllier_Ash43,Gislason LLC,890969330,Vendor,8 S Haven St,US,TX,Daytona Beach,32114,8 S Haven St,264-248-4118,264-248-4118,03-02-2022 11.18,Supllier_Ash42,TRUE,HUBZone Small Business,Supllier_Ash42,Aswani43,43,Supllier_Deep43,Supplier Criticality,Medium,Bert_Prince@outlook.com,Bert_Prince@outlook.com,112,FALSE,03-03-2022,Supllier_Ash43,9
Supllier_Ash44,"O'Conner, Gerhold and Jacobson",104829581,Dropshipper,9 Front St,US,UT,Washington,20001,9 Front St,372-646-7516,372-646-7516,03-03-2022 11.18,Supllier_Ash43,FALSE,"Lesbian, Gay, Bisexual, and Transgender Owned  Business (LGBT)",Supllier_Ash43,Aswani44,44,Supllier_Deep44,Region,EMEA,Herman_Merritt@outlook.com,Herman_Merritt@outlook.com,1012,FALSE,03-04-2022,Supllier_Ash44,9
Supllier_Ash45,Hand - Hirthe,687058744,Franchisor,1933 Packer Ave #2,US,VT,Novato,94945,1933 Packer Ave #2,310-423-3294,310-423-3294,03-04-2022 11.18,Supllier_Ash44,FALSE,Minority Business Enterprise (MBE),Supllier_Ash44,Aswani45,45,Supllier_Deep45,Region,APAC,Jim_Fisher@outlook.com,Jim_Fisher@outlook.com,2311,FALSE,03-05-2022,Supllier_Ash45,9
Supllier_Ash46,Blanda Inc,511076472,Franchisor,67 Rv Cent,US,VA,Boise,83709,67 Rv Cent,312-709-1235,312-709-1235,03-05-2022 11.18,Supllier_Ash45,FALSE,Service-Disabled Veteran-Owned Small Business (SDVOSB),Supllier_Ash45,Aswani46,46,Supllier_Deep46,Supplier Criticality,Medium,George_Suarez@outlook.com,George_Suarez@outlook.com,1023,FALSE,03-06-2022,Supllier_Ash46,9
Supllier_Ash47,Hodkiewicz - Hodkiewicz,407653389,Wholesales,2 Sw Nyberg Rd,US,WA,Elkhart,46514,2 Sw Nyberg Rd,498-499-1454,498-499-1454,03-06-2022 11.18,Supllier_Ash46,FALSE,Small Disadvantaged Business (SDB),Supllier_Ash46,Aswani47,47,Supllier_Deep47,Region,NA,Frank_Hobbs@outlook.com,Frank_Hobbs@outlook.com,2213,FALSE,03-07-2022,Supllier_Ash47,9
Supllier_Ash48,"Pfannerstill, Schaefer and Kutch",279491077,Affiliate Merchant,89992 E 15th St,US,WV,Alliance,69301,89992 E 15th St,308-726-2182,308-726-2182,03-07-2022 11.18,Supllier_Ash47,TRUE,Veteran-Owned Small Business (VOSB),Supllier_Ash47,Aswani48,48,Supllier_Deep48,Region,APAC,Joseph_Beard@outlook.com,Joseph_Beard@outlook.com,2210,FALSE,03-08-2022,Supllier_Ash48,9
Supllier_Ash49,Farrell and Sons,228637356,Distributor,61556 W 20th Ave,US,WI,Seattle,98104,61556 W 20th Ave,329-711-6498,329-711-6498,03-08-2022 11.18,Supllier_Ash48,TRUE,Women Business Enterprise (WBE),Supllier_Ash48,Aswani49,49,Supllier_Deep49,Supplier Criticality,Medium,Thomas_Gilmore@outlook.com,Thomas_Gilmore@outlook.com,1013,FALSE,03-09-2022,Supllier_Ash49,9
Supllier_Ash50,Watsica Inc,908773061,Exporter,63 E Aurora Dr,US,WY,Orlando,32804,63 E Aurora Dr,219-413-4842,219-413-4842,03-09-2022 11.18,Supllier_Ash49,TRUE,Women Business Enterprise (WBE),Supllier_Ash49,Aswani50,50,Supllier_Deep50,Supplier Criticality,Medium,Henry_Ibarra@outlook.com,Henry_Ibarra@outlook.com,3330,TRUE,03-10-2022,Supllier_Ash50,9
Supllier_Ash51,"Rice, Considine and Blanda",369430013,Importer,6649 N Blue Gum St,US,AK,New Orleans,70116,6649 N Blue Gum St,301-621-8927,301-621-8927,03-10-2022 11.18,Supllier_Ash50,TRUE,HUBZone Small Business,Supllier_Ash50,Aswani51,51,Supllier_Deep51,Region,APAC,Genevieve_Smith@outlook.com,Genevieve_Smith@outlook.com,200,TRUE,03-11-2022,Supllier_Ash51,9
Supllier_Ash52,"Carter, Borer and Schaefer",722114187,Manufacturer,228 Runamuck Pl #2808,US,AZ,Baltimore,21224,228 Runamuck Pl #2808,439-655-8723,439-655-8723,03-11-2022 11.18,Supllier_Ash51,TRUE,"Lesbian, Gay, Bisexual, and Transgender Owned  Business (LGBT)",Supllier_Ash51,Aswani52,52,Supllier_Deep52,Region,APAC,Jean_Johnson@outlook.com,Jean_Johnson@outlook.com,1200,TRUE,03-12-2022,Supllier_Ash52,9
Supllier_Ash53,Carter Inc,761068191,Vendor,3 Secor Rd,US,LA,New Orleans,70112,3 Secor Rd,373-710-5840,373-710-5840,03-12-2022 11.18,Supllier_Ash52,TRUE,Minority Business Enterprise (MBE),Supllier_Ash52,Aswani53,53,Supllier_Deep53,Supplier Criticality,Medium,Cordelia_Williams@outlook.com,Cordelia_Williams@outlook.com,123,FALSE,3/13/2022,Supllier_Ash53,9
Supllier_Ash54,"Russel, Mayer and Zemlak",542703120,Dropshipper,2371 Jerrold Ave,US,CA,Kulpsville,19443,2371 Jerrold Ave,450-874-1229,450-874-1229,3/13/2022 11:18,Supllier_Ash53,FALSE,Service-Disabled Veteran-Owned Small Business (SDVOSB),Supllier_Ash53,Aswani54,54,Supllier_Deep54,Region,EMEA,Marian_Brown@outlook.com,Marian_Brown@outlook.com,3132,FALSE,3/14/2022,Supllier_Ash54,9
Supllier_Ash55,Kovacek - Friesen,178151927,Franchisor,37275 St  Rt 17m M,US,CO,Middle Island,11953,37275 St  Rt 17m M,437-335-3414,437-335-3414,3/14/2022 11:18,Supllier_Ash54,FALSE,Small Disadvantaged Business (SDB),Supllier_Ash54,Aswani55,55,Supllier_Deep55,Region,APAC,Francis_Jones@outlook.com,Francis_Jones@outlook.com,2200,FALSE,3/15/2022,Supllier_Ash55,9
Supllier_Ash56,"Gorczany, Rempel and Pfannerstill",279665605,Franchisor,25 E 75th St #69,US,AZ,Los Angeles,90034,25 E 75th St #69,342-498-5651,342-498-5651,3/15/2022 11:18,Supllier_Ash55,FALSE,Veteran-Owned Small Business (VOSB),Supllier_Ash55,Aswani56,56,Supllier_Deep56,Supplier Criticality,Medium,Jeanette_Miller@outlook.com,Jeanette_Miller@outlook.com,3303,FALSE,3/16/2022,Supllier_Ash56,9
Supllier_Ash57,Bauch Inc,127624164,Distributor,98 Connecticut Ave Nw,US,DE,Chagrin Falls,44023,98 Connecticut Ave Nw,328-780-8425,328-780-8425,3/16/2022 11:18,Supllier_Ash56,FALSE,Women Business Enterprise (WBE),Supllier_Ash56,Aswani57,57,Supllier_Deep57,Region,NA,Adeline_Davis@outlook.com,Adeline_Davis@outlook.com,221,FALSE,3/17/2022,Supllier_Ash57,9
Supllier_Ash58,"Gleichner, Cartwright and Corkery",128131415,Exporter,56 E Morehead St,US,DC,Laredo,78045,56 E Morehead St,477-537-6195,477-537-6195,3/17/2022 11:18,Supllier_Ash57,TRUE,Women Business Enterprise (WBE),Supllier_Ash57,Aswani58,58,Supllier_Deep58,Region,APAC,Gussie_Garcia@outlook.com,Gussie_Garcia@outlook.com,2030,FALSE,3/18/2022,Supllier_Ash58,9
Supllier_Ash59,Simonis Inc,832710204,Importer,73 State Road 434 E,US,FL,Phoenix,85013,73 State Road 434 E,273-277-4385,273-277-4385,3/18/2022 11:18,Supllier_Ash58,TRUE,HUBZone Small Business,Supllier_Ash58,Aswani59,59,Supllier_Deep59,Supplier Criticality,Medium,Leah_Rodriguez@outlook.com,Leah_Rodriguez@outlook.com,3002,FALSE,3/19/2022,Supllier_Ash59,9
Supllier_Ash60,Oberbrunner - Kassulke,266086500,Manufacturer,69734 E Carrillo St,US,FL,Mc Minnville,37110,69734 E Carrillo St,393-313-9635,393-313-9635,3/19/2022 11:18,Supllier_Ash59,TRUE,"Lesbian, Gay, Bisexual, and Transgender Owned  Business (LGBT)",Supllier_Ash59,Aswani60,60,Supllier_Deep60,Supplier Criticality,Medium,Lois_Wilson@outlook.com,Lois_Wilson@outlook.com,1313,TRUE,3/20/2022,Supllier_Ash60,9
Supllier_Ash61,Jaskolski - Bashirian,747724819,Vendor,322 New Horizon Blvd,US,HI,Milwaukee,53207,322 New Horizon Blvd,376-661-9598,376-661-9598,3/20/2022 11:18,Supllier_Ash60,TRUE,Minority Business Enterprise (MBE),Supllier_Ash60,Aswani61,61,Supllier_Deep61,Region,APAC,Lura_Martinez@outlook.com,Lura_Martinez@outlook.com,2323,TRUE,3/21/2022,Supllier_Ash61,9
Supllier_Ash62,Veum - Herzog,630316870,Dropshipper,1 State Route 27,US,ID,Taylor,48180,1 State Route 27,244-288-7937,244-288-7937,3/21/2022 11:18,Supllier_Ash61,TRUE,Service-Disabled Veteran-Owned Small Business (SDVOSB),Supllier_Ash61,Aswani62,62,Supllier_Deep62,Region,APAC,Mittie_Anderson@outlook.com,Mittie_Anderson@outlook.com,2111,FALSE,3/22/2022,Supllier_Ash62,9
Supllier_Ash63,Rohan - Lubowitz,612310808,Franchisor,4 B Blue Ridge Blvd,US,IL,Brighton,48116,4 B Blue Ridge Blvd,436-292-9388,436-292-9388,3/22/2022 11:18,Supllier_Ash62,TRUE,Small Disadvantaged Business (SDB),Supllier_Ash62,Aswani63,63,Supllier_Deep63,Supplier Criticality,Medium,Hallie_Taylor@outlook.com,Hallie_Taylor@outlook.com,210,FALSE,3/23/2022,Supllier_Ash63,9
Supllier_Ash64,Trantow - Romaguera,534125416,Franchisor,394 Manchester Blvd,US,IL,Rockford,61109,394 Manchester Blvd,479-828-2147,479-828-2147,3/23/2022 11:18,Supllier_Ash63,FALSE,Veteran-Owned Small Business (VOSB),Supllier_Ash63,Aswani64,64,Supllier_Deep64,Region,APAC,Isabella_Thomas@outlook.com,Isabella_Thomas@outlook.com,1131,FALSE,3/24/2022,Supllier_Ash64,9
Supllier_Ash65,Heathcote and Sons,620772490,Wholesales,6 S 33rd St,US,IA,Aston,19014,6 S 33rd St,488-545-3615,488-545-3615,3/24/2022 11:18,Supllier_Ash64,FALSE,Women Business Enterprise (WBE),Supllier_Ash64,Aswani65,65,Supllier_Deep65,Region,APAC,Olga_Hernandez@outlook.com,Olga_Hernandez@outlook.com,222,FALSE,3/25/2022,Supllier_Ash65,9
Supllier_Ash66,"Wiegand, Kirlin and Farrell",590381188,Affiliate Merchant,6 Greenleaf Ave,US,KS,San Jose,95111,6 Greenleaf Ave,388-540-1785,388-540-1785,3/25/2022 11:18,Supllier_Ash65,FALSE,Women Business Enterprise (WBE),Supllier_Ash65,Aswani66,66,Supllier_Deep66,Supplier Criticality,Medium,Phoebe_Moore@outlook.com,Phoebe_Moore@outlook.com,1323,FALSE,3/26/2022,Supllier_Ash66,9
Supllier_Ash67,Beatty Group,660519458,Distributor,618 W Yakima Ave,US,KY,Irving,75062,618 W Yakima Ave,474-303-9197,474-303-9197,3/26/2022 11:18,Supllier_Ash66,FALSE,HUBZone Small Business,Supllier_Ash66,Aswani67,67,Supllier_Deep67,Region,APAC,Teresa_Martin@outlook.com,Teresa_Martin@outlook.com,3003,FALSE,3/27/2022,Supllier_Ash67,9
Supllier_Ash68,Nienow Inc,953087537,Exporter,74 S Westgate St,US,LA,Albany,12204,74 S Westgate St,495-966-7987,495-966-7987,3/27/2022 11:18,Supllier_Ash67,TRUE,"Lesbian, Gay, Bisexual, and Transgender Owned  Business (LGBT)",Supllier_Ash67,Aswani68,68,Supllier_Deep68,Region,APAC,Hester_Jackson@outlook.com,Hester_Jackson@outlook.com,1022,FALSE,3/28/2022,Supllier_Ash68,9
Supllier_Ash69,Casper - Mitchell,539351164,Importer,3273 State St,US,ME,Middlesex,8846,3273 State St,464-658-3154,464-658-3154,3/28/2022 11:18,Supllier_Ash68,TRUE,Minority Business Enterprise (MBE),Supllier_Ash68,Aswani69,69,Supllier_Deep69,Supplier Criticality,Medium,Lida_Thompson@outlook.com,Lida_Thompson@outlook.com,3213,TRUE,3/29/2022,Supllier_Ash69,9
Supllier_Ash70,Jaskolski and Sons,775751496,Manufacturer,1 Central Ave,US,MD,Stevens Point,54481,1 Central Ave,452-662-6764,452-662-6764,3/29/2022 11:18,Supllier_Ash69,TRUE,Service-Disabled Veteran-Owned Small Business (SDVOSB),Supllier_Ash69,Aswani70,70,Supllier_Deep70,Supplier Criticality,Medium,Lina_White@outlook.com,Lina_White@outlook.com,1222,TRUE,3/30/2022,Supllier_Ash70,9
Supllier_Ash71,McGlynn - Von,918906808,Vendor,86 Nw 66th St #8673,US,MA,Shawnee,66218,86 Nw 66th St #8673,420-388-2079,420-388-2079,3/30/2022 11:18,Supllier_Ash70,TRUE,Small Disadvantaged Business (SDB),Supllier_Ash70,Aswani71,71,Supllier_Deep71,Region,APAC,Marguerite_Lopez@outlook.com,Marguerite_Lopez@outlook.com,1132,TRUE,3/31/2022,Supllier_Ash71,9
Supllier_Ash72,Jones - Dicki,131831828,Dropshipper,2 Cedar Ave #84,US,MI,Easton,21601,2 Cedar Ave #84,426-669-1642,426-669-1642,3/31/2022 11:18,Supllier_Ash71,TRUE,Veteran-Owned Small Business (VOSB),Supllier_Ash71,Aswani72,72,Supllier_Deep72,Region,APAC,Winnie_Lee@outlook.com,Winnie_Lee@outlook.com,3130,FALSE,04-01-2022,Supllier_Ash72,9
Supllier_Ash73,Kuhlman Group,985023523,Franchisor,90991 Thorburn Ave,US,MI,New York,10011,90991 Thorburn Ave,498-582-4976,498-582-4976,04-01-2022 11.18,Supllier_Ash72,TRUE,Women Business Enterprise (WBE),Supllier_Ash72,Aswani73,73,Supllier_Deep73,Supplier Criticality,Medium,Claudia_Gonzalez@outlook.com,Claudia_Gonzalez@outlook.com,3012,FALSE,04-02-2022,Supllier_Ash73,9
Supllier_Ash74,Satterfield - Keebler,471125815,Franchisor,8 W Cerritos Ave #54,US,MS,Bridgeport,8014,8 W Cerritos Ave #54,449-636-8749,449-636-8749,04-02-2022 11.18,Supllier_Ash73,FALSE,Women Business Enterprise (WBE),Supllier_Ash73,Aswani74,74,Supllier_Deep74,Region,APAC,Vera_Harris@outlook.com,Vera_Harris@outlook.com,2332,FALSE,04-03-2022,Supllier_Ash74,9
Supllier_Ash75,Lueilwitz - Hoeger,259033913,Distributor,386 9th Ave N,US,MO,Conroe,77301,386 9th Ave N,305-336-3951,305-336-3951,04-03-2022 11.18,Supllier_Ash74,FALSE,HUBZone Small Business,Supllier_Ash74,Aswani75,75,Supllier_Deep75,Region,APAC,Cecelia_Clark@outlook.com,Cecelia_Clark@outlook.com,3311,FALSE,04-04-2022,Supllier_Ash75,9
Supllier_Ash76,Shanahan - Cartwright,391115541,Exporter,74874 Atlantic Ave,US,MT,Columbus,43215,74874 Atlantic Ave,444-801-9788,444-801-9788,04-04-2022 11.18,Supllier_Ash75,FALSE,"Lesbian, Gay, Bisexual, and Transgender Owned  Business (LGBT)",Supllier_Ash75,Aswani76,76,Supllier_Deep76,Supplier Criticality,Medium,Bess_Lewis@outlook.com,Bess_Lewis@outlook.com,2123,FALSE,04-05-2022,Supllier_Ash76,9
Supllier_Ash77,"Jacobson, Hintz and Wyman",609750152,Importer,366 South Dr,US,NE,Las Cruces,88011,366 South Dr,396-977-3911,396-977-3911,04-05-2022 11.18,Supllier_Ash76,FALSE,Minority Business Enterprise (MBE),Supllier_Ash76,Aswani77,77,Supllier_Deep77,Region,APAC,Emilie_Robinson@outlook.com,Emilie_Robinson@outlook.com,3211,FALSE,04-06-2022,Supllier_Ash77,9
Supllier_Ash78,"Lind, Stehr and Murray",682143783,Manufacturer,45 E Liberty St,US,NV,Ridgefield Park,7660,45 E Liberty St,380-709-6245,380-709-6245,04-06-2022 11.18,Supllier_Ash77,TRUE,Service-Disabled Veteran-Owned Small Business (SDVOSB),Supllier_Ash77,Aswani78,78,Supllier_Deep78,Region,APAC,John_Walker@outlook.com,John_Walker@outlook.com,331,FALSE,04-07-2022,Supllier_Ash78,9
Supllier_Ash79,Hudson - Schulist,198296897,Vendor,4 Ralph Ct,US,NH,Dunellen,8812,4 Ralph Ct,432-924-7882,432-924-7882,04-07-2022 11.18,Supllier_Ash78,TRUE,Small Disadvantaged Business (SDB),Supllier_Ash78,Aswani79,79,Supllier_Deep79,Supplier Criticality,Medium,Rosetta_Perez@outlook.com,Rosetta_Perez@outlook.com,2331,TRUE,04-08-2022,Supllier_Ash79,9
Supllier_Ash80,Hamill and Sons,408866715,Dropshipper,2742 Distribution Way,US,NJ,New York,10025,2742 Distribution Way,409-860-1579,409-860-1579,04-08-2022 11.18,Supllier_Ash79,TRUE,Veteran-Owned Small Business (VOSB),Supllier_Ash79,Aswani80,80,Supllier_Deep80,Region,APAC,Verna_Hall@outlook.com,Verna_Hall@outlook.com,3212,TRUE,04-09-2022,Supllier_Ash80,9
Supllier_Ash81,"Jones, Adams and Jones",296720778,Franchisor,426 Wolf St,US,NM,Metairie,70002,426 Wolf St,214-979-9175,214-979-9175,04-09-2022 11.18,Supllier_Ash80,TRUE,Women Business Enterprise (WBE),Supllier_Ash80,Aswani81,81,Supllier_Deep81,Region,APAC,Myrtie_Young@outlook.com,Myrtie_Young@outlook.com,1110,FALSE,04-10-2022,Supllier_Ash81,9
Supllier_Ash82,Schmidt LLC,145115337,Franchisor,128 Bransten Rd,US,NY,New York,10011,128 Bransten Rd,291-675-8570,291-675-8570,04-10-2022 11.18,Supllier_Ash81,TRUE,Women Business Enterprise (WBE),Supllier_Ash81,Aswani82,82,Supllier_Deep82,Supplier Criticality,Medium,Cecilia_Allen@outlook.com,Cecilia_Allen@outlook.com,103,FALSE,04-11-2022,Supllier_Ash82,9
Supllier_Ash83,Hartmann LLC,405951047,Wholesales,17 Morena Blvd,US,NC,Camarillo,93012,17 Morena Blvd,483-832-6163,483-832-6163,04-11-2022 11.18,Supllier_Ash82,TRUE,HUBZone Small Business,Supllier_Ash82,Aswani83,83,Supllier_Deep83,Region,EMEA,Elva_Sanchez@outlook.com,Elva_Sanchez@outlook.com,2132,FALSE,04-12-2022,Supllier_Ash83,9
Supllier_Ash84,"Crist, Kunze and Spencer",236239225,Affiliate Merchant,775 W 17th St,US,ND,San Antonio,78204,775 W 17th St,356-812-9597,356-812-9597,04-12-2022 11.18,Supllier_Ash83,FALSE,"Lesbian, Gay, Bisexual, and Transgender Owned  Business (LGBT)",Supllier_Ash83,Aswani84,84,Supllier_Deep84,Region,APAC,Olivia_Wright@outlook.com,Olivia_Wright@outlook.com,1121,FALSE,4/13/2022,Supllier_Ash84,9
Supllier_Ash85,"Lang, Ritchie and Schaefer",942504577,Distributor,639 Main St,US,OH,Anchorage,99501,639 Main St,255-385-4412,255-385-4412,4/13/2022 11:18,Supllier_Ash84,FALSE,Minority Business Enterprise (MBE),Supllier_Ash84,Aswani85,85,Supllier_Deep85,Supplier Criticality,Medium,Ophelia_King@outlook.com,Ophelia_King@outlook.com,211,FALSE,4/14/2022,Supllier_Ash85,9
Supllier_Ash86,Skiles Inc,556542254,Exporter,6980 Dorsett Rd,US,OK,Abilene,67410,6980 Dorsett Rd,253-463-7829,253-463-7829,4/14/2022 11:18,Supllier_Ash85,FALSE,Service-Disabled Veteran-Owned Small Business (SDVOSB),Supllier_Ash85,Aswani86,86,Supllier_Deep86,Region,NA,Georgie_Scott@outlook.com,Georgie_Scott@outlook.com,10,FALSE,4/15/2022,Supllier_Ash86,9
Supllier_Ash87,"Krajcik, Reinger and Daniel",298487929,Importer,2881 Lewis Rd,US,LA,Prineville,97754,2881 Lewis Rd,322-548-8197,322-548-8197,4/15/2022 11:18,Supllier_Ash86,FALSE,Small Disadvantaged Business (SDB),Supllier_Ash86,Aswani87,87,Supllier_Deep87,Region,APAC,Elnora_Green@outlook.com,Elnora_Green@outlook.com,1321,FALSE,4/16/2022,Supllier_Ash87,9
Supllier_Ash88,"Walsh, Bechtelar and Ryan",964980694,Manufacturer,7219 Woodfield Rd,US,PA,Overland Park,66204,7219 Woodfield Rd,440-413-4604,440-413-4604,4/16/2022 11:18,Supllier_Ash87,TRUE,Veteran-Owned Small Business (VOSB),Supllier_Ash87,Aswani88,88,Supllier_Deep88,Supplier Criticality,Medium,Violet_Baker@outlook.com,Violet_Baker@outlook.com,110,TRUE,4/17/2022,Supllier_Ash88,9
Supllier_Ash89,Adams Inc,535032920,Vendor,1048 Main St,US,RI,Fairbanks,99708,1048 Main St,407-231-4722,407-231-4722,4/17/2022 11:18,Supllier_Ash88,TRUE,Women Business Enterprise (WBE),Supllier_Ash88,Aswani89,89,Supllier_Deep89,Supplier Criticality,Medium,Adele_Adams@outlook.com,Adele_Adams@outlook.com,203,TRUE,4/18/2022,Supllier_Ash89,9
Supllier_Ash90,Bogan - Swift,799392143,Dropshipper,678 3rd Ave,US,SC,Miami,33196,678 3rd Ave,386-606-7291,386-606-7291,4/18/2022 11:18,Supllier_Ash89,TRUE,Women Business Enterprise (WBE),Supllier_Ash89,Aswani90,90,Supllier_Deep90,Region,APAC,Lily_Nelson@outlook.com,Lily_Nelson@outlook.com,1002,TRUE,4/19/2022,Supllier_Ash90,9
Supllier_Ash91,Rice - Padberg,201242011,Franchisor,20 S Babcock St,US,SD,Fairbanks,99712,20 S Babcock St,418-741-1044,418-741-1044,4/19/2022 11:18,Supllier_Ash90,TRUE,Veteran-Owned Small Business (VOSB),Supllier_Ash90,Aswani91,91,Supllier_Deep91,Region,APAC,Linnie_Hill@outlook.com,Linnie_Hill@outlook.com,133,FALSE,4/20/2022,Supllier_Ash91,9
Supllier_Ash92,Moen - Dickens,860922769,Franchisor,2 Lighthouse Ave,US,SD,Hopkins,55343,2 Lighthouse Ave,383-768-2416,383-768-2416,4/20/2022 11:18,Supllier_Ash91,TRUE,Women Business Enterprise (WBE),Supllier_Ash91,Aswani92,92,Supllier_Deep92,Supplier Criticality,Medium,Loretta_Ramirez@outlook.com,Loretta_Ramirez@outlook.com,3032,FALSE,4/21/2022,Supllier_Ash92,9
Supllier_Ash93,Cartwright - Skiles,230189167,Distributor,38938 Park Blvd,US,TX,Boston,2128,38938 Park Blvd,468-399-5124,468-399-5124,4/21/2022 11:18,Supllier_Ash92,TRUE,Women Business Enterprise (WBE),Supllier_Ash92,Aswani93,93,Supllier_Deep93,Region,EMEA,Madge_Campbell@outlook.com,Madge_Campbell@outlook.com,332,FALSE,4/22/2022,Supllier_Ash93,9
Supllier_Ash94,"Auer, Hansen and Weimann",364255649,Exporter,5 Tomahawk Dr,US,LA,Los Angeles,90006,5 Tomahawk Dr,313-453-2780,313-453-2780,4/22/2022 11:18,Supllier_Ash93,FALSE,Veteran-Owned Small Business (VOSB),Supllier_Ash93,Aswani94,94,Supllier_Deep94,Region,APAC,Polly_Mitchell@outlook.com,Polly_Mitchell@outlook.com,1010,FALSE,4/23/2022,Supllier_Ash94,9
Supllier_Ash95,Dach Group,307644339,Importer,762 S Main St,US,ME,Madison,53711,762 S Main St,339-336-7444,339-336-7444,4/23/2022 11:18,Supllier_Ash94,FALSE,Women Business Enterprise (WBE),Supllier_Ash94,Aswani95,95,Supllier_Deep95,Supplier Criticality,Medium,Virgie_Roberts@outlook.com,Virgie_Roberts@outlook.com,3202,FALSE,4/24/2022,Supllier_Ash95,9
Supllier_Ash96,O'Reilly - Prosacco,475936456,Manufacturer,34 Center St,US,MD,Hamilton,45011,34 Center St,465-570-1893,465-570-1893,4/24/2022 11:18,Supllier_Ash95,FALSE,Women Business Enterprise (WBE),Supllier_Ash95,Aswani96,96,Supllier_Deep96,Region,NA,Eugenia_Carter@outlook.com,Eugenia_Carter@outlook.com,1333,FALSE,4/25/2022,Supllier_Ash96,9
Supllier_Ash97,Bradtke and Sons,141023064,Vendor,3 Mcauley Dr,US,MA,Ashland,44805,3 Mcauley Dr,238-503-2484,238-503-2484,4/25/2022 11:18,Supllier_Ash96,FALSE,Veteran-Owned Small Business (VOSB),Supllier_Ash96,Aswani97,97,Supllier_Deep97,Region,APAC,Lucile_Phillips@outlook.com,Lucile_Phillips@outlook.com,3033,FALSE,4/26/2022,Supllier_Ash97,9
Supllier_Ash98,Kunze - Tillman,475048467,Dropshipper,7 Eads St,US,LA,Chicago,60632,7 Eads St,494-573-6914,494-573-6914,4/26/2022 11:18,Supllier_Ash97,TRUE,Women Business Enterprise (WBE),Supllier_Ash97,Aswani98,98,Supllier_Deep98,Supplier Criticality,Medium,Lucille_Evans@outlook.com,Lucille_Evans@outlook.com,2312,TRUE,4/27/2022,Supllier_Ash98,9
Supllier_Ash99,"Towne, O'Conner and Schowalter",797452523,Franchisor,7 W Jackson Blvd,US,ME,Prineville,95111,7 W Jackson Blvd,380-752-3500,380-752-3500,4/27/2022 11:18,Supllier_Ash98,TRUE,Women Business Enterprise (WBE),Supllier_Ash98,Aswani99,99,Supllier_Deep99,Supplier Criticality,Medium,Mabelle_Turner@outlook.com,Mabelle_Turner@outlook.com,1031,TRUE,4/28/2022,Supllier_Ash99,9
Supllier_Ash100,Kunze - Tillman,184020068,Franchisor,8 W Jack Blvd,US,MD,Overland Park,95111,8 W Jackson Blvd,,380-752-3501,4/28/2022 11:18,Supllier_Ash99,TRUE,Veteran-Owned Small Business (VOSB),Supllier_Ash99,Aswani100,100,Supllier_Deep100,Region,APAC,Mabelle_Turner@outlook.com,Mabelle_Turner@outlook.com,1032,FALSE,4/29/2022,Supllier_Ash100,9
Supllier_Ash101,"Towne, O'Conner and Schowalter",714699343,Wholesales,9 W Robinson Blvd,US,MA,Fairbanks,95111,9 W Jackson Blvd,,380-752-3502,4/29/2022 11:18,Supllier_Ash100,TRUE,Veteran-Owned Small Business (VOSB),Supllier_Ash100,Aswani101,101,Supllier_Deep101,Region,APAC,Mabelle_Turner@outlook.com,Mabelle_Turner@outlook.com,1033,FALSE,4/30/2022,Supllier_Ash101,9
Supllier_Ash102,Kunze - Tillman,515010703,Affiliate Merchant,10 W Altamonte Blvd,US,MI,Miami,95111,10 W Jackson Blvd,,380-752-3503,4/30/2022 11:18,Supllier_Ash101,TRUE,Veteran-Owned Small Business (VOSB),Supllier_Ash101,Aswani102,102,Supllier_Deep102,Supplier Criticality,Medium,Mabelle_Turner@outlook.com,Mabelle_Turner@outlook.com,1034,FALSE,05-01-2022,Supllier_Ash102,9
Supllier_Ash103,"Towne, O'Conner and Schowalter",603101594,Distributor,11 W Jparadise Valley,US,LA,Prineville,95111,11 W Jackson Blvd,,380-752-3504,05-01-2022 11.18,Supllier_Ash102,TRUE,Veteran-Owned Small Business (VOSB),Supllier_Ash102,Aswani103,103,Supllier_Deep103,Region,EMEA,Mabelle_Turner@outlook.com,Mabelle_Turner@outlook.com,1035,FALSE,05-02-2022,Supllier_Ash103,9
Supllier_Ash104,Kunze - Tillman,730067764,Exporter,12 W Jackson Blvd,US,MS,Overland Park,95111,12 W Jackson Blvd,,380-752-3505,05-02-2022 11.18,Supllier_Ash103,TRUE,Veteran-Owned Small Business (VOSB),Supllier_Ash103,Aswani104,104,Supllier_Deep104,Region,APAC,Mabelle_Turner@outlook.com,Mabelle_Turner@outlook.com,1036,FALSE,05-03-2022,Supllier_Ash104,9
Supllier_Ash105,"Towne, O'Conner and Schowalter",553652900,Exporter,13 W Albert Blvd,US,MO,Fairbanks,95111,13 W Jackson Blvd,,380-752-3506,05-03-2022 11.18,Supllier_Ash104,TRUE,Veteran-Owned Small Business (VOSB),Supllier_Ash104,Aswani105,105,Supllier_Deep105,Supplier Criticality,Medium,Mabelle_Turner@outlook.com,Mabelle_Turner@outlook.com,1037,FALSE,05-04-2022,Supllier_Ash105,9
Supllier_Ash106,Kunze - Tillman,881606805,Manufacturer,14 W Marine Blvd,US,MT,Miami,95111,14 W Jackson Blvd,,380-752-3507,05-04-2022 11.18,Supllier_Ash105,TRUE,Veteran-Owned Small Business (VOSB),Supllier_Ash105,Aswani106,105,Supllier_Deep106,Region,NA,Mabelle_Turner@outlook.com,Mabelle_Turner@outlook.com,1038,FALSE,05-05-2022,Supllier_Ash106,9
Supllier_Ash107,"Towne, O'Conner and Schowalter",279084606,Vendor,15 W Tatum Blvd,US,NE,Fairbanks,95111,15 W Jackson Blvd,,380-752-3508,05-05-2022 11.18,Supllier_Ash106,TRUE,Veteran-Owned Small Business (VOSB),Supllier_Ash106,Aswani107,105,Supllier_Deep107,Region,APAC,Mabelle_Turner@outlook.com,Mabelle_Turner@outlook.com,1039,TRUE,05-06-2022,Supllier_Ash107,9
Supllier_Ash108,Kunze - Tillman,185311555,Dropshipper,16 W Bell Road,US,NV,Hopkins,95111,16 W Jackson Blvd,,380-752-3509,05-06-2022 11.18,Supllier_Ash107,TRUE,Veteran-Owned Small Business (VOSB),Supllier_Ash107,Aswani108,105,Supllier_Deep108,Supplier Criticality,Medium,Mabelle_Turner@outlook.com,Mabelle_Turner@outlook.com,1040,TRUE,05-07-2022,Supllier_Ash108,9
Supllier_Ash109,"Towne, O'Conner and Schowalter",697911359,Franchisor,17 W Walmart Blvd,US,NH,Boston,95111,17 W Jackson Blvd,,380-752-3510,05-07-2022 11.18,Supllier_Ash108,TRUE,Veteran-Owned Small Business (VOSB),Supllier_Ash108,Aswani109,105,Supllier_Deep109,Supplier Criticality,Medium,Mabelle_Turner@outlook.com,Mabelle_Turner@outlook.com,1041,TRUE,05-08-2022,Supllier_Ash109,9
Supllier_Ash110,Kunze - Tillman,754466216,Franchisor,18 W Desert ridge Blvd,US,NJ,Los Angeles,95111,18 W Jackson Blvd,,380-752-3511,05-08-2022 11.18,Supllier_Ash109,TRUE,Veteran-Owned Small Business (VOSB),Supllier_Ash109,Aswani110,105,Supllier_Deep110,Region,APAC,Mabelle_Turner@outlook.com,Mabelle_Turner@outlook.com,1042,FALSE,05-09-2022,Supllier_Ash110,9
Supllier_Ash111,Shield Inc,794251044,Distributor,177 S Rider Trl #52,US,NM,Taylor,90021,4119 Metropolitan Dr,312-975-8026,312-975-8026,1/28/2022 11:18,Supllier_Ash3,TRUE,Small Disadvantaged Business (SDB),Nancy Sharp,Nancy Sharp,3,Supllier_Ash3,Supplier Criticality,Medium,Calvin_Wiley@outlook.com,Calvin_Wiley@outlook.com,30,TRUE,1/28/2022,Supllier_Ash3,3
Supllier_Ash112,Interstellar Inc,417516872,Manufacturer,63517 Dupont St,US,NH,Aston,46601,55713 Lake City Hwy,246-656-2800,246-656-2800,1/28/2022 11:18,Supllier_Ash6,FALSE,Women Business Enterprise (WBE),Kelly Vargas,Kelly Vargas,6,Supllier_Ash6,Supplier Criticality,Medium,Walter_Andrade@outlook.com,Walter_Andrade@outlook.com,12,FALSE,1/28/2022,Supllier_Ash6,6
Supllier_Ash113,Coch - Jacobs,676567431,Affiliate Merchant,140 University Ave,United States,NC,Fayetteville,28301,140 University Ave,256-922-3671,256-922-3671,1/28/2022 11:18,Supllier_Ash2,TRUE,Disadvantage Business Enterprise (DBE),Supllier_Ash2,Aswani2,2,Supllier_Ash2,Region,APAC,Robert@outlook.com,Robert@outlook.com,2000,TRUE,1/28/2022,Supllier_Ash2,2
Supllier_Ash114,Kooch and Jacobs,676567432,Affiliate Merchant,1483 College Ave,United States,NC,Fayetteville,28301,1483 College Ave,256-922-3673,256-922-3673,1/28/2022 11:18,Supllier_Ash3,TRUE,Disadvantage Business Enterprise (DBE),Supllier_Ash3,Aswani3,3,Supllier_Ash3,Supplier Criticality,Medium,Calvin_Wiley@outlook.com,Calvin_Wiley@outlook.com,30,TRUE,1/28/2022,Supllier_Ash3,3
Supllier_Ash115,Koach and Jacobs,676567432,Affiliate Merchant,1484 College Ave,United States,NC,Fayetteville,28301,1484 College Ave,256-922-3674,256-922-3674,1/28/2022 11:18,Supllier_Ash4,FALSE,Disadvantage Business Enterprise (DBE),Supllier_Ash4,Aswani4,4,Supllier_Ash4,Region,EMEA,Edward_Macias@outlook.com,Edward_Macias@outlook.com,1311,FALSE,1/28/2022,Supllier_Ash4,4
Supllier_Ash116,Koch and Jacobs,676567432,Affiliate Merchant,1485 College Ave,United States,NC,Fayetteville,28301,1485 College Ave,256-922-3675,256-922-3675,1/28/2022 11:18,Supllier_Ash5,FALSE,Disadvantage Business Enterprise (DBE),Supllier_Ash5,Aswani5,5,Supllier_Ash5,Region,APAC,Harry_Khan@outlook.com,Harry_Khan@outlook.com,3001,FALSE,1/28/2022,Supllier_Ash5,5
Supllier_Ash117,Nicolus Inc,123765877,Manufacturer,35 E Main St #43,United States,IL,Elk Grove Village,60007,35 E Main St #43,444-519-5906,444-519-5906,02-03-2022 11.18,Supllier_Ash15,FALSE,Service-Disabled Veteran-Owned Small Business (SDVOSB),Supllier_Ash15,Aswani16,16,Supllier_Ash15,Supplier Criticality,Medium,Clarence_Tanner@outlook.com,Clarence_Tanner@outlook.com,3030,FALSE,02-04-2022,Supllier_Ash16,9
Supllier_Ash118,Nicklous In,334566545,Manufacturer,7163 W Clark Rd,United States,IL,Freehold,60007,7163 W Clark Rd,253-605-4781,253-605-4781,02-04-2022 11.18,Supllier_Ash16,FALSE,Small Disadvantaged Business (SDB),Supllier_Ash16,Aswani17,17,Supllier_Ash16,Region,NA,Richard_Eaton@outlook.com,Richard_Eaton@outlook.com,2302,FALSE,02-05-2022,Supllier_Ash17,9
Supllier_Ash119,Nikolous and Sons,998977867,Manufacturer,21575 S Apple Creek Rd,United States,IL,Omaha,60007,21575 S Apple Creek Rd,214-896-5943,214-896-5943,02-05-2022 11.18,Supllier_Ash17,TRUE,Veteran-Owned Small Business (VOSB),Supllier_Ash17,Aswani18,18,Supllier_Ash17,Region,APAC,Andrew_Clay@outlook.com,Andrew_Clay@outlook.com,3122,FALSE,02-06-2022,Supllier_Ash18,9
