sourcePKey,firstName,lastName,fullName,PostalAddress_addressLine1,PostalAddress_country,address id,phone number,electronics address,phone id,email id,Birthplace
pkey1,David,Borean,David Borean,Toronto,CA,1,4606784544,,P001,E001,Toronto
pkey2,David,Borean,David Borean,Toronto,CA,2,4606784541,,P002,E002,Toronto
pkey3,John,Wick,John Wick,Toronto,CA,3,4606784144,,P003,E003,Toronto
pkey4,Michael,Taylor,Michael Taylor,Sydney,AU,4,4606781544,,P004,E004,Sydney
pkey5,David,Borean,David Borean,Sydney,AU,5,4606714544,,P005,E005,Sydney
pkey6,David,Borean,David Borean,Sydney,AU,6,4602784544,,P006,E006,Sydney
