sourcePKey,firstName,lastName,fullName,birthPlace,birthDate,gender,maritalStatus,address_id,PostalAddress_defaultIndicator,PostalAddress_addressType,PostalAddress_addressLine1,PostalAddress_country,PostalAddress_state,city,PostalAddress_county,Phone__id,Phone_defaultIndicator,Phone_phoneType,Phone_phoneNumber,Email Address.Source Primary Key,ElectronicAddress_defaultIndicator,ElectronicAddress_electronicAddress
493875,Abby,Ackins,,Chilicothe,15-08-1967,M,Single,1,,Office,3290 Apple Lane,US,AK,New York,Citrus,1234,,Cell,246-656-2800,5567,,abc@gmail.com
493876,Abigail,Ackison,,Chillicot,15-02-1973,M,Married,2,,Home,3290 Apple St,US,SD,New York,Hancock,1235,,LandLine,424-312-1691,5568,,def@gmail.com
493877,Abigeal,Ackland,,Chilcthe,17-08-1967,M,Single,3,,Mailing,329o Appel Street,US,MIN,New York,Buchanan,1236,,VoIP,209-751-9003,5569,,abc@gmail.com
493878,Nabby,Ackins,,Chillicothe,27-12-1967,M,Single,4,,Office,3290 Aple,US,OK,New York,Hinds,1237,,Cell,432-200-8577,5570,,def@gmail.com
493879,Anna,Weder,,Randomgen,26-06-1971,F,Married,5,,Home,6698 Caldwel,US,AK,Dallas,Taylor,1238,,LandLine,289-382-4541,5571,,abc@gmail.com
493880,Ana,Weder,,Rochester,17-06-1972,F,Single,6,,Mailing,6699 Caldwell St,US,SD,Dallas,Santa Clara,1239,,VoIP,405-861-9748,5572,,def@gmail.com
493881,Nancy,Wedi,,Rochester,19-07-1970,M,Single,7,,Office,6798 Caldwell Ave,US,MIN,Dallas,Camden,1240,,Cell,416-370-5333,5573,,abc@gmail.com
493882,Nance,Weeder,,Clute,15-02-1973,F,Married,8,,Home,679 Colddwell Road,US,AK,Dallas,Alameda,1241,,LandLine,236-473-1708,5574,,def@gmail.com
493883,Nanno,Wedr,,Fort Smith,29-12-1969,F,Single,9,,Mailing,6798 Caldwell Road,US,SD,Dallas,Seminole,1242,,VoIP,372-730-2692,5575,,abc@gmail.com
493884,Arthur,Morgan,,Stockton,15-11-1968,M,Single,10,,Office,1863 Horseshoe Avenue,US,MIN,Boston,Laramie,1243,,Cell,362-258-2769,5576,,def@gmail.com
493885,Arthur,Morgan,,Stockton,17-07-1971,M,Married,11,,Home,1863 Horseshoe ,US,OK,Boston,Nassau,1244,,VoIP,444-519-5906,5577,,abc@gmail.com
493886,Lyle,Morgan,,Belmond,29-12-1971,F,Single,12,,Mailing,1874 north street,US,AK,Phoenix,Dane,1245,,Cell,253-605-4781,5578,,def@gmail.com
493887,Beatrice ,Morgan,,Houston,19-07-1969,M,Single,13,,Office,1874 north street,US,SD,Phoenix,Hudson,1246,,LandLine,214-896-5943,5579,,abc@gmail.com
493888,Tilly,Jackson,,Westland,21-10-1968,F,Married,14,,Home,12 Foreman avenue,US,MIN,San Francisco,Lackawanna,1247,,VoIP,436-221-5602,5580,,def@gmail.com
493889,Dutch,DerLinde,,Savannah,12-02-1966,M,Single,15,,Office,1024 Grey Stret,US,OK,Detroit,San Diego,1248,,Cell,410-558-1665,5581,,abc@gmail.com
493890,Dutch,Linde,,Sunrise,14-09-1969,M,Single,16,,Home,1024 Grey Street,US,AK,Detroit,Riverside,1249,,Cell,274-510-4633,5582,,def@gmail.com
493891,Molly,Shea,,Sylva,19-09-1967,F,Married,17,,Mailing,1024 Grey Avenue,US,SD,Detroit,Atlantic,1250,,LandLine,330-816-1541,5583,,abc@gmail.com
493892,Molly,Oshea,,Chicago,07-11-1971,F,Single,18,,Office,1024 Grey Av,US,MIN,Detroit,Citrus,1251,,VoIP,415-598-8301,5584,,def@gmail.com
493893,Moly,O'Shea,,Gadsden,26-03-1970,F,Single,19,,Home,1024 Grey Street,US,OK,Detroit,Hancock,1252,,Cell,288-542-6023,5585,,abc@gmail.com
493894,Bessie,Matthews,,Concord,01-08-1971,M,Married,20,,Mailing,13 Hoyt Avenue,US,AK,Brooklyn,Buchanan,1253,,LandLine,446-557-9673,5586,,def@gmail.com
493895,Hosea,Matthews,,Savoonga,25-12-1969,M,Single,21,,Office,13 Hoyt Avenue,US,SD,Brooklyn,Hinds,1254,,VoIP,274-510-4633,5587,,abc@gmail.com
493896,Hoseya,Mathew,,Savoonga,15-01-1970,M,Single,22,,Home,13 Hoyt,US,MIN,Brooklyn,Taylor,1255,,Cell,330-816-1541,5588,,def@gmail.com
493897,John,Marston,,Los Angeles,25-01-1971,M,Married,23,,Mailing,1907 Beach Hope,US,OK,Las Vegas,Santa Clara,1256,,LandLine,415-598-8301,5589,,abc@gmail.com
493898,Jack,Marston,,Los Angeles,18-02-1967,M,Single,24,,Office,1907 Beacher's Hope,US,AK,Las Vegas,Camden,1257,,VoIP,288-542-6023,5590,,def@gmail.com
493899,Abigail,williams,,Oklahoma City,13-10-1969,M,Single,25,,Home,1907 Beachers Hope,US,SD,Las Vegas,Alameda,1258,,Cell,446-557-9673,5591,,abc@gmail.com
493900,Abby,Marston,,El Paso,10-03-1969,M,Married,26,,Mailing,1907 Beacher's Hope,US,MIN,Las Vegas,Seminole,1259,,VoIP,274-510-4634,5592,,def@gmail.com
493901,Javier ,Escuella,,Denver,25-03-1973,F,Single,27,,Office,5214 Forest Avenue,US,OK,St. Louis,Laramie,1260,,Cell,330-816-1542,5593,,abc@gmail.com
493902,Javier ,Escuella,,Denver,15-12-1969,F,Single,28,,Home,5214 Forest Avenue,US,AK,St. Louis,Nassau,1261,,LandLine,415-598-8302,5594,,def@gmail.com
493903,Bill,Williamson,,Fort Lauderdale,10-05-1966,M,Married,29,,Office,9683 Gore Street,US,SD,Orlando,Dane,1262,,VoIP,288-542-6024,5595,,abc@gmail.com
493904,Bill,Williamson,,Fort Lauderdale,29-07-1968,F,Single,30,,Home,9683 Gore Street,US,MIN,Orlando,Hudson,1263,,Cell,446-557-9674,5596,,def@gmail.com
493905,Micah,Bell,,Lexington,18-07-1971,F,Single,31,,Mailing,1384 Hanover St,US,OK,Cleveland,Lackawanna,1264,,Cell,274-510-4634,5597,,abc@gmail.com
493906,Micah,Bell,,Lexington,12-10-1966,M,Married,32,,Office,1384 Hanover Drive,US,AK,Cleveland,San Diego,1265,,LandLine,330-816-1542,5598,,def@gmail.com
493907,Charles,Smith,,Columbus,02-05-1973,M,Single,33,,Home,5853 Hillview St,US,SD,Austin,Riverside,1266,,VoIP,415-598-8302,5599,,abc@gmail.com
493908,Charles,Smith,,Columbus,21-02-1968,F,Single,34,,Mailing,5853 Hillview Street,US,MIN,Austin,Atlantic,1267,,Cell,288-542-6024,5600,,def@gmail.com
493909,Sean,Macguire,,Midlands,11-05-1966,M,Married,35,,Office,322 Mapleview Drive,US,OK,Kansas City,Citrus,1268,,LandLine,446-557-9674,5601,,abc@gmail.com
493910,Lenny,Summers,,Lenexa,17-08-1970,F,Single,36,,Home,4791 Patterson Fork Road,US,AK,Manhattan,Hancock,1269,,VoIP,274-510-4635,5602,,def@gmail.com
493911,Sadie,Adler,,Coulee City,11-10-1971,M,Single,37,,Mailing,9261 Rose Avenue,US,AK,Indianapolis,Buchanan,1270,,Cell,330-816-1543,5603,,abc@gmail.com
493912,Sadie,Adler,,Coulee City,18-09-1971,M,Married,38,,Office,9261 Rose Avenue,US,SD,Indianapolis,Hinds,1271,,LandLine,415-598-8303,5604,,def@gmail.com
493913,Karen,Jones,,Lansing,10-03-1969,F,Single,39,,Home,3730 Ryder Avenue,US,MIN,Charlotte,Taylor,1272,,VoIP,288-542-6025,5605,,abc@gmail.com
493914,Karen,Jones,,Lansing,22-03-1969,F,Single,40,,Mailing,3730 Ryder Avenue,US,OK,Charlotte,Santa Clara,1273,,Cell,446-557-9675,5606,,def@gmail.com
493915,Tilly,Jackson,,Miami,01-02-1970,F,Married,41,,Office,8199 Clair Street,US,AK,Bronx,Camden,1274,,VoIP,274-510-4635,5607,,abc@gmail.com
493916,Tilly,Jackson,,Miami,29-10-1972,M,Single,42,,Home,8199 Clair Street,US,SD,Bronx,Alameda,1275,,Cell,330-816-1543,5608,,def@gmail.com
493917,Mary,Gaskill,,Los Angeles,13-10-1970,M,Single,43,,Office,2668 Kenwood Place,US,MIN,Providence,Seminole,1276,,LandLine,415-598-8303,5609,,abc@gmail.com
493918,Mary,Gaskill,,Los Angeles,30-09-1970,M,Married,44,,Home,2668 Kenwood Place,US,AK,Providence,Laramie,1277,,VoIP,288-542-6025,5610,,def@gmail.com
493919,Abby,Roberts,,Avery,30-12-1970,M,Single,45,,Mailing,4369 Pratt Avenue,US,SD,Salt Lake City,Nassau,1278,,Cell,446-557-9675,5611,,abc@gmail.com
493920,Abby,Roberts,,Avery,10-12-1972,M,Single,46,,Office,4369 Pratt Avenue,US,MIN,Salt Lake City,Dane,1279,,Cell,274-510-4636,5612,,def@gmail.com
493921,Susan,Grimshaw,,Fitzgerald,14-12-1966,M,Married,47,,Home,8838 Rinehart Road,US,OK,Richmond,Hudson,1280,,LandLine,330-816-1544,5613,,abc@gmail.com
493922,Susan,Grimshaw,,Fitzgerald,06-05-1969,M,Single,48,,Mailing,8838 Rinehart Road,US,AK,Richmond,Lackawanna,1281,,VoIP,415-598-8304,5614,,def@gmail.com
493923,Simon,Pearson,,Advance,26-01-1967,F,Single,49,,Office,3307 Tuna Street,US,SD,Raleigh,San Diego,1282,,Cell,288-542-6026,5615,,abc@gmail.com
493924,Simon,Pearson,,Advance,02-03-1970,F,Married,50,,Home,3307 Tuna Street,US,MIN,Raleigh,Riverside,1283,,LandLine,446-557-9676,5616,,def@gmail.com
493925,Leopold,Strauss,,Woburn,01-01-1970,M,Single,51,,Mailing,7777 Aspen Court,US,OK,Louisville,Atlantic,1284,,VoIP,274-510-4636,5617,,abc@gmail.com
493926,Leopold,Strauss,,Woburn,25-06-1968,F,Single,52,,Office,7777 Aspen Court,US,AK,Louisville,Citrus,1285,,Cell,330-816-1544,5618,,def@gmail.com
493927,Josiah,Trelawny,,Augusta,18-03-1971,F,Married,53,,Home,2246 B Street,US,SD,Fort Worth,Hancock,1286,,LandLine,415-598-8304,5619,,abc@gmail.com
493928,Josiah,Trelawny,,Augusta,23-12-1967,M,Single,54,,Mailing,2246 B Street,US,MIN,Fort Worth,Buchanan,1287,,VoIP,288-542-6026,5620,,def@gmail.com
493929,Orville,Swanson,,Wahoo,14-06-1970,M,Single,55,,Office,6715 Bicetown Road,US,OK,Fort Worth,Hinds,1288,,Cell,446-557-9676,5621,,abc@gmail.com
493930,Kirean,Duffy,,Oklahoma City,13-11-1969,F,Married,56,,Home,94 Horseshoe,US,AK,Fort Worth,Taylor,1289,,VoIP,274-510-4637,5622,,def@gmail.com
493931,Davey,Callander,,Cincinnati,03-05-1969,M,Single,57,,Office,24 Water Avenue,US,SD,Tucson,Santa Clara,1290,,Cell,330-816-1545,5623,,abc@gmail.com
493932,Mac,Callander,,Fort Collins,02-06-1967,F,Single,58,,Home,24 Water Avenue,US,MIN,Tucson,Camden,1291,,LandLine,415-598-8305,5624,,def@gmail.com
493933,Jenny,Kirk,,Baton Rouge,03-01-1973,M,Married,59,,Mailing,99 elmo St,US,OK,El Paso,Alameda,1292,,VoIP,288-542-6027,5625,,abc@gmail.com
493934,AnnaBelle,unknown,,Danville,09-07-1968,M,Single,60,,Office,45 Seabreeze ave,US,AK,Honolulu,Seminole,1293,,Cell,446-557-9677,5626,,def@gmail.com
493935,Brigidus,Abel,,Town Of Brookfield,16-01-1970,F,Single,61,,Home,7354 Glenwood Avenue,US,SD,McAllen,Laramie,1294,,Cell,274-510-4637,5627,,abc@gmail.com
493936,Bee,Abela,,Honolulu,08-02-1969,F,Married,62,,Mailing,1823 Green Acres Road,US,MIN,McAllen,Nassau,1295,,LandLine,330-816-1545,5628,,def@gmail.com
493937,Beesy,Abelar,,Wheeling,02-03-1973,F,Single,63,,Office,6292 Heavner Avenue,US,OK,McAllen,Dane,1296,,VoIP,415-598-8305,5629,,abc@gmail.com
493938,Bidy,Abelardo,,Dallas,27-09-1968,M,Single,64,,Home,762 Murry Street,US,AK,McAllen,Hudson,1297,,Cell,288-542-6027,5630,,def@gmail.com
493939,Bridgid,Abele,,Newark,01-11-1970,M,Married,65,,Mailing,5231 Palmer Road,US,SD,Dayton,Lackawanna,1298,,LandLine,446-557-9677,5631,,abc@gmail.com
493940,Bridgett,Abel,,Dallas,24-02-1972,M,Single,66,,Office,9700 Paradise Lane,US,MIN,Dayton,San Diego,1299,,VoIP,274-510-4638,5632,,def@gmail.com
493941,Benny,Abend,,Tukwila,02-11-1968,M,Single,67,,Home,1401 Patton Lane,US,OK,Fresno,Riverside,1300,,Cell,330-816-1546,5633,,abc@gmail.com
493942,Benji,Aben,,Highland Park,22-05-1969,M,Married,68,,Mailing,1401 Patton drive,US,AK,Fresno,Atlantic,1301,,LandLine,415-598-8306,5634,,def@gmail.com
493943,Cathe,Acebo,,Peoria,21-01-1967,M,Single,69,,Office,339 Romano St,US,SD,Tulsa,Citrus,1302,,VoIP,288-542-6028,5635,,abc@gmail.com
493944,Cathy,Acedo,,Tulsa,16-03-1969,M,Single,70,,Home,4808 Seneca Drive,US,MIN,Tulsa,Hancock,1303,,Cell,446-557-9678,5636,,def@gmail.com
493945,Catharine,Acee,,Salem,12-10-1970,F,Married,71,,Office,9277 Ashton Lane,US,OK,Tulsa,Buchanan,1304,,VoIP,274-510-4638,5637,,abc@gmail.com
493946,Cathie,Acebo,,Red Bank,18-05-1970,F,Single,72,,Home,3747 Bassell Avenue,US,AK,Tulsa,Hinds,1305,,Cell,330-816-1546,5638,,def@gmail.com
493947,Katherine,Allison,,Marquette,12-01-1967,M,Single,73,,Mailing,8216 Bassell Avenue,US,AK,Charleston,Taylor,1306,,LandLine,415-598-8306,5639,,abc@gmail.com
493948,Kathe,Alliston,,Cocoa,15-10-1967,F,Married,74,,Office,2685 Calico Drive,US,SD,Charleston,Santa Clara,1307,,VoIP,288-542-6028,5640,,def@gmail.com
493949,Katherina,Allison,,Salinas,21-07-1970,F,Single,75,,Home,4386 Mount Street,US,MIN,Charleston,Camden,1308,,Cell,446-557-9678,5641,,abc@gmail.com
493950,Katharina,Alliston,,Orlando,28-11-1970,M,Single,76,,Mailing,8855 Norma Lane,US,OK,Charleston,Alameda,1309,,Cell,274-510-4639,5642,,def@gmail.com
493951,Catherina,Alliston,,East Liverpool,09-08-1968,M,Married,77,,Office,1840 Oak Street,US,AK,Charleston,Seminole,1310,,LandLine,330-816-1547,5643,,abc@gmail.com
493952,Conny,Anon,,Boston,18-01-1967,F,Single,78,,Home,6309 Radio Park ,US,SD,Charleston,Laramie,1311,,VoIP,415-598-8307,5644,,def@gmail.com
493953,Cornl,Anon,,Boston,17-07-1971,M,Single,79,,Mailing,6309 Radio Park Avenue,US,MIN,Charleston,Nassau,1312,,Cell,288-542-6029,5645,,abc@gmail.com
493954,Cornls,Non,,Boston,12-10-1966,F,Married,80,,Office,6309 Radio Park Dr,US,AK,Charleston,Dane,1313,,LandLine,446-557-9679,5646,,def@gmail.com
493955,Corny,Anon,,Boston,28-07-1968,M,Single,81,,Home,6309 Radio Park St,US,SD,Charleston,Hudson,1314,,VoIP,274-510-4639,5647,,abc@gmail.com
493956,Connie,Anon,,Boston,25-12-1967,M,Single,82,,Mailing,6309 Radio Avenue,US,MIN,Charleston,Lackawanna,1315,,Cell,330-816-1547,5648,,def@gmail.com
493957,Cornelious,Anon,,Boston,17-03-1967,F,Married,83,,Office,6309 Radio Park Drive,US,OK,Charleston,San Diego,1316,,LandLine,415-598-8307,5649,,abc@gmail.com
493958,Debbie,Aggerwal,,Portsmouth,18-04-1968,F,Single,84,,Home,356 Skips Lane,US,AK,Columbia,Riverside,1317,,VoIP,288-542-6029,5650,,def@gmail.com
493959,Debby,Aggarwal,,Washington,25-11-1969,F,Single,85,,Office,4825 Vesta Drive,US,SD,Columbia,Atlantic,1318,,Cell,446-557-9679,5651,,abc@gmail.com
493960,Debra,Agarwal,,Newark,22-12-1970,M,Married,86,,Home,9294 Browning Lane,US,MIN,Columbia,Citrus,1319,,VoIP,274-510-4640,5652,,def@gmail.com
493961,Ned,Archer,,Ventura,29-05-1970,M,Single,87,,Mailing,1840 Oak Street,US,OK,Provo,Hancock,1320,,Cell,330-816-1548,5653,,abc@gmail.com
493962,Neddy,Archer,,Sebring,01-08-1971,M,Single,88,,Office,6309 Radio Park Drive,US,AK,Provo,Buchanan,1321,,LandLine,415-598-8308,5654,,def@gmail.com
493963,Ed,Jones,,Bowling Green,24-03-1968,M,Married,89,,Home,778 Summit Street,US,SD,Murrieta,Hinds,1322,,VoIP,288-542-6030,5655,,abc@gmail.com
493964,Eddy,Jons,,Worcester,04-08-1972,M,Single,90,,Mailing,5248 Bell Street,US,MIN,Murrieta,Taylor,1323,,Cell,446-557-9680,5656,,def@gmail.com
493965,Beth,Angi,,Tigard,30-11-1971,M,Single,91,,Office,9294 Browning Lane,US,OK,Wichita,Santa Clara,1324,,Cell,274-510-4640,5657,,abc@gmail.com
493966,Betty,Angilelo,,Centennial,12-06-1971,M,Married,92,,Home,9294 Browning Lane,US,AK,Wichita,Camden,1325,,LandLine,330-816-1548,5658,,def@gmail.com
493967,Bes,Angilello,,Bloomingdale,31-03-1971,F,Single,93,,Mailing,9294 Browning Lane,US,SD,Wichita,Alameda,1326,,VoIP,415-598-8308,5659,,abc@gmail.com
493968,Bess,Angilello,,Greensboro,29-07-1971,F,Single,94,,Office,9294 Browning Lane,US,MIN,Wichita,Seminole,1327,,Cell,288-542-6030,5660,,def@gmail.com
493969,Bessie,Angilello,,Alexandria,31-03-1971,M,Married,95,,Home,9294 Browning Lane,US,OK,Wichita,Laramie,1328,,LandLine,446-557-9680,5661,,abc@gmail.com
493970,Betsy,Angilello,,Searcy,20-12-1971,F,Single,96,,Mailing,9294 Browning Lane,US,OK,Wichita,Nassau,1329,,VoIP,274-510-4641,5662,,def@gmail.com
493971,Liz,Tyson,,Muncie,27-04-1972,F,Single,97,,Office,3341 Hemlock Lane,US,AK,Denton,Dane,1330,,Cell,330-816-1549,5663,,abc@gmail.com
493972,Lizzie,Smith,,Muncie,27-04-1972,F,Married,98,,Home,3341 Hemlock Lane,US,AK,Denton,Hudson,1331,,LandLine,415-598-8309,5664,,def@gmail.com
493973,Lizzy,Smyth,,Muncie,27-04-1972,F,Single,99,,Office,3341 Hemlock Lane,US,AK,Denton,Lackawanna,1332,,VoIP,288-542-6031,5665,,abc@gmail.com
493974,Liza,Smith,,Muncie,27-04-1972,F,Single,100,,Home,3341 Hemlock Lane,US,AK,Denton,San Diego,1333,,Cell,446-557-9681,5666,,def@gmail.com
pers_1,John,Hernandez,,"New York, New York",15-08-1967,M,Single,101,,Office,51120 State Route 18,US,UT,Salt Lake City,Salt Lake,1334,,Cell,302-293-9853,5667,,John_Smith@outlook.com
pers_2,Robert,King,,"Los Angeles, California",15-02-1973,M,Married,102,,Home,1482 College Ave,US,NC,Fayetteville,Cumberland,1335,,LandLine,256-922-3672,5668,,Robert_Keith@outlook.com
pers_3,Calvin,Wright,,"Chicago, Illinois",07-08-1967,M,Single,103,,Office,4119 Metropolitan Dr,US,CA,Los Angeles,Los Angeles,1336,,VoIP,312-975-8026,5669,,Calvin_Wiley@outlook.com
pers_4,Edward,Lopez,,"Houston, Texas",27-12-1967,M,Single,104,,Home,2167 Sierra Rd,US,MIN,East Lansing,Ingham,1337,,Cell,260-499-2322,5670,,Edward_Macias@outlook.com
pers_5,Harry,Hill,,"Phoenix, Arizona",26-06-1971,M,Married,105,,Mailing,6 Sunrise Ave,US,NY,Utica,Oneida,1338,,VoIP,246-818-2638,5671,,Harry_Khan@outlook.com
pers_6,Walter,Scott,,"Philadelphia, Pennsylvania",07-06-1972,M,Single,106,,Office,55713 Lake City Hwy,US,IND,South Bend,St Joseph,1339,,Cell,246-656-2800,5672,,Walter_Andrade@outlook.com
pers_7,Arthur,Green,,"San Antonio, Texas",19-07-1970,M,Single,107,,Home,75698 N Fiesta Blvd,US,FL,Orlando,Orange,1340,,LandLine,424-312-1691,5673,,Arthur_Ware@outlook.com
pers_8,Fred,Adams,,"San Diego, California",02-03-1969,M,Married,108,,Mailing,88 Sw 28th Ter,US,NJ,Harrison,Hudson,1341,,VoIP,209-751-9003,5674,,Fred_Stephenson@outlook.com
pers_9,Albert,Baker,,"Dallas, Texas",29-12-1969,M,Single,109,,Office,7 Flowers Rd #403,US,NJ,Trenton,Mercer,1342,,Cell,432-200-8577,5675,,Albert_Henson@outlook.com
pers_10,Samuel,Gonzalez,,"San Jose, California",05-11-1968,M,Single,110,,Home,4 Nw 12th St #3849,US,WI,Madison,Dane,1343,,Cell,289-382-4541,5676,,Samuel_Wilkerson@outlook.com
pers_11,David,Nelson,,"Austin, Texas",17-07-1971,M,Married,111,,Mailing,2 A Kelley Dr,US,NY,Katonah,Westchester,1344,,LandLine,405-861-9748,5677,,David_Dyer@outlook.com
pers_12,Louis,Carter,,"Jacksonville,�Florida",29-12-1971,M,Single,112,,Office,88827 Frankford Ave,US,NC,Greensboro,Guilford,1345,,VoIP,416-370-5333,5678,,Louis_Mcclure@outlook.com
pers_13,William,Mitchell,,"Fort Worth, Texas",19-07-1969,M,Single,113,,Home,2 W Scyene Rd #3,US,MD,Baltimore,Baltimore City,1346,,Cell,236-473-1708,5679,,William_Humphrey@outlook.com
pers_14,Joe,Perez,,"Columbus, Ohio",21-10-1968,M,Married,114,,Mailing,62260 Park Stre,US,NJ,Monroe Township,Middlesex,1347,,LandLine,372-730-2692,5680,,Joe_Blackwell@outlook.com
pers_15,Charlie,Roberts,,"Charlotte, North Carolina",12-02-1966,M,Single,115,,Office,3424 29th St Se,US,TX,Kerrville,Kerr,1348,,VoIP,362-258-2769,5681,,Charlie_Mercado@outlook.com
pers_16,Clarence,Turner,,"San Francisco, California",14-09-1969,M,Single,116,,Home,35 E Main St #43,US,IL,Elk Grove Village,Cook,1349,,Cell,444-519-5906,5682,,Clarence_Tanner@outlook.com
pers_17,Richard,Phillips,,"Indianapolis, Indiana",19-09-1967,M,Married,117,,Office,7163 W Clark Rd,US,NJ,Freehold,Monmouth,1350,,LandLine,253-605-4781,5683,,Richard_Eaton@outlook.com
