sourcePKey,Name,SIC Code,Manufacturer Id,Date of Incorporation,Phone Id,Email Id,Address Id,Address Line 1,City,State,Country,Phone Number,Electronic Address
pkey_supplier_1,LG,381,M001,15-08-1967,P001,E001,A001,9 W Robinson Blvd,Fairbanks,MA,US,380-752-3502,Cecilia_Allen@outlook.com
pkey_supplier_2,Samsung,234,M002,15-02-1973,P002,E002,A002,10 W Altamonte Blvd,Miami,MI,US,380-752-3503,Elva_Sanchez@outlook.com
pkey_supplier_3,Panasonic,134,M003,17-08-1967,P003,E003,A003,11 W Jparadise Valley,Prineville,LA,US,380-752-3504,Olivia_Wright@outlook.com
pkey_supplier_4,Bosch,602,M004,27-12-1967,P004,E004,A004,12 W Jackson Blvd,Overland Park,MS,US,380-752-3505,Ophelia_King@outlook.com
pkey_supplier_5,Maytag,207,M005,26-06-1971,P005,E005,A005,13 W Albert Blvd,Fairbanks,MO,US,380-752-3506,Georgie_Scott@outlook.com
pkey_supplier_6,Fridigaire,354,M006,17-06-1972,P006,E006,A006,14 W Marine Blvd,Miami,MT,US,380-752-3507,Elnora_Green@outlook.com
pkey_supplier_7,Whirlpool,501,M007,19-07-1970,P007,E007,A007,15 W Tatum Blvd,Fairbanks,NE,US,380-752-3508,Violet_Baker@outlook.com
pkey_supplier_8,Haier,648,M008,15-02-1973,P008,E008,A008,16 W Bell Road,Hopkins,NV,US,380-752-3509,Adele_Adams@outlook.com
pkey_supplier_9,KitchenAid,795,M009,29-12-1969,P009,E009,A009,17 W Walmart Blvd,Boston,NH,US,380-752-3510,Lily_Nelson@outlook.com
pkey_supplier_10,General Electric Company,942,M010,15-11-1968,P010,E010,A010,18 W Desert ridge Blvd,Los Angeles,NJ,US,380-752-3511,Linnie_Hill@outlook.com
