sourcePKey,Location,Site Id,Site Manager,Site Manager Email,Phone Id,Email Id,Address Id,Warehouse,Address Line 1,City,State,Country,Phone Number,Email Address
pkey_orghq_1,"Homekart, HQ",1,John_Smith,John_Smith@outlook.com,P001,E001,A001,Queensway unit 1,51120 State Route 18,Toronto,Ontario,CA,302-293-9853,James_Johns@outlook.com
pkey_orgsite_1,"Homekart, Toronto",2,Robert_Keith,Robert_Keith@outlook.com,P002,E002,A002,Queensway unit 2,1482 College Ave,Toronto,Ontario,CA,256-922-3672,Lewis_Wu@outlook.com
pkey_orgsite_2,"Homekart, Mississauga",3,Calvin_Wiley,Calvin_Wiley@outlook.com,P003,E003,A003,Queensway unit 3,4119 Metropolitan Dr,Mississauga,Ontario,CA,312-975-8026,Peter_Zamora@outlook.com
pkey_orgsite_3,"Homekart, Vaughan",4,Edward_Macias,Edward_Macias@outlook.com,P004,E004,A004,Queensway unit 4,2167 Sierra Rd,Vaughan,Ontario,CA,260-499-2322,Benjamin_Macdonald@outlook.com
pkey_orgsite_4,"Homekart, Burlington",5,Harry_Khan,Harry_Khan@outlook.com,P005,E005,A005,Queensway unit 5,6 Sunrise Ave,Burlington,Ontario,CA,246-818-2638,Frederick_Vance@outlook.com
pkey_orgsite_5,"Homekart, Ajax",6,Walter_Andrade,Walter_Andrade@outlook.com,P006,E006,A006,Queensway unit 6,55713 Lake City Hwy,Ajax,Ontario,CA,246-656-2800,Willie_Snow@outlook.com
pkey_orgsite_6,"Homekart, Markham",7,Arthur_Ware,Arthur_Ware@outlook.com,P007,E007,A007,Queensway unit 7,75698 N Fiesta Blvd,Markham,Ontario,CA,424-312-1691,Alfred_Mcclain@outlook.com
pkey_orgsite_7,"Homekart, Brampton",8,Fred_Stephenson,Fred_Stephenson@outlook.com,P008,E008,A008,Queensway unit 8,88 Sw 28th Ter,Brampton,Ontario,CA,209-751-9003,Sam_Stafford@outlook.com
pkey_orgsite_8,"Homekart, Scarborough",9,Albert_Henson,Albert_Henson@outlook.com,P009,E009,A009,Queensway unit 9,7 Flowers Rd #403,Scarborough,Ontario,CA,432-200-8577,Roy_Orozco@outlook.com
pkey_orgsite_9,"Homekart, North York",10,Samuel_Wilkerson,Samuel_Wilkerson@outlook.com,P010,E010,A010,Queensway unit 10,4 Nw 12th St #3849,North York,Ontario,CA,289-382-4541,Herbert_Barry@outlook.com
pkey_orgsite_10,"Homekart, Richmond Hill",11,David_Dyer,David_Dyer@outlook.com,P011,E011,A011,Queensway unit 11,2 A Kelley Dr,Richmond Hill,Ontario,CA,405-861-9748,Jacob_English@outlook.com
