From <Entity 1> Source PKey,To <Entity 2> Source PKey,Source Primary Key,Delivery Date,Number of Units
pkey_supplier_1,pkey_product_1,pkey_delivers_1,16-10-2023,27
pkey_supplier_1,pkey_product_3,pkey_delivers_2,17-10-2023,31
pkey_supplier_1,pkey_product_6,pkey_delivers_3,18-10-2023,35
pkey_supplier_2,pkey_product_2,pkey_delivers_4,19-10-2023,39
pkey_supplier_2,pkey_product_8,pkey_delivers_5,20-10-2023,15
pkey_supplier_2,pkey_product_13,pkey_delivers_6,21-10-2023,19
pkey_supplier_2,pkey_product_14,pkey_delivers_7,22-10-2023,23
pkey_supplier_3,pkey_product_4,pkey_delivers_8,23-10-2023,27
pkey_supplier_4,pkey_product_5,pkey_delivers_9,24-10-2023,31
pkey_supplier_4,pkey_product_7,pkey_delivers_10,25-10-2023,27
pkey_supplier_4,pkey_product_12,pkey_delivers_11,26-10-2023,23
pkey_supplier_5,pkey_product_9,pkey_delivers_12,27-10-2023,39
pkey_supplier_5,pkey_product_11,pkey_delivers_13,28-10-2023,35
pkey_supplier_5,pkey_product_15,pkey_delivers_14,29-10-2023,31
pkey_supplier_6,pkey_product_10,pkey_delivers_15,30-10-2023,27
