HierarchyInstanceSourcePrimaryKey,Description,Name,RootSourcePrimaryKey,ParentSourcePrimaryKey,ChildSourcePrimaryKey,HQtoSiteSourcePrimaryKey
pkey_hierarchy_Homekart,Appliance Store Hierarchy,Homekart,pkey_orghq_1,pkey_orghq_1,pkey_orgsite_1,pkey_org_to_hq_rel_111
pkey_hierarchy_Homekart,Appliance Store Hierarchy,Homekart,pkey_orghq_1,pkey_orghq_1,pkey_orgsite_2,pkey_org_to_hq_rel_112
pkey_hierarchy_Homekart,Appliance Store Hierarchy,Homekart,pkey_orghq_1,pkey_orghq_1,pkey_orgsite_3,pkey_org_to_hq_rel_113
pkey_hierarchy_Homekart,Appliance Store Hierarchy,Homekart,pkey_orghq_1,pkey_orghq_1,pkey_orgsite_4,pkey_org_to_hq_rel_114
pkey_hierarchy_Homekart,Appliance Store Hierarchy,Homekart,pkey_orghq_1,pkey_orghq_1,pkey_orgsite_5,pkey_org_to_hq_rel_115
pkey_hierarchy_Homekart,Appliance Store Hierarchy,Homekart,pkey_orghq_1,pkey_orghq_1,pkey_orgsite_6,pkey_org_to_hq_rel_116
pkey_hierarchy_Homekart,Appliance Store Hierarchy,Homekart,pkey_orghq_1,pkey_orghq_1,pkey_orgsite_7,pkey_org_to_hq_rel_117
pkey_hierarchy_Homekart,Appliance Store Hierarchy,Homekart,pkey_orghq_1,pkey_orghq_1,pkey_orgsite_8,pkey_org_to_hq_rel_118
pkey_hierarchy_Homekart,Appliance Store Hierarchy,Homekart,pkey_orghq_1,pkey_orghq_1,pkey_orgsite_9,pkey_org_to_hq_rel_119
pkey_hierarchy_Homekart,Appliance Store Hierarchy,Homekart,pkey_orghq_1,pkey_orghq_1,pkey_orgsite_10,pkey_org_to_hq_rel_120
