FromSource PKey	ToSource PKey	SourcePrimaryKey	Store
pers_1	pkey_product_1	pkey_buys_1	Burlington
pers_2	pkey_product_2	pkey_buys_2	Brampton
pers_3	pkey_product_3	pkey_buys_3	Vaughan
pers_4	pkey_product_4	pkey_buys_4	Scarborough
pers_5	pkey_product_5	pkey_buys_5	Mississauga
pers_6	pkey_product_6	pkey_buys_6	Burlington
pers_7	pkey_product_7	pkey_buys_7	Richmond Hill
pers_8	pkey_product_8	pkey_buys_8	Brampton
pers_9	pkey_product_9	pkey_buys_9	Scarborough
pers_10	pkey_product_10	pkey_buys_10	North York
pers_11	pkey_product_11	pkey_buys_11	Brampton
pers_12	pkey_product_12	pkey_buys_12	Ajax
pers_13	pkey_product_13	pkey_buys_13	Vaughan
pers_14	pkey_product_14	pkey_buys_14	North York
pers_15	pkey_product_15	pkey_buys_15	Scarborough
pers_16	pkey_product_5	pkey_buys_16	Mississauga
pers_17	pkey_product_5	pkey_buys_17	Mississauga
