sourcePKey,id,Name,Availability date,Expiration date,Product Type,Product Description:,Selling Price
pkey_product_1,LRFCS2503S,32 L Fridge,31-05-1977,19-06-2024,AP,"LG 655 L Frost-Free Inverter Wi-Fi Side-By-Side Refrigerator (2023 Model, GL-B257DBMX, Black Glass, Door Cooling+ with Hygiene Fresh)",400
pkey_product_2,RF18A5101SR,40 L Fridge,08-08-1978,25-06-2024,AP,"LG 655 L Frost-Free Inverter Wi-Fi Side-By-Side Refrigerator (2023 Model, GL-B257EPZX, Shiny Steel, Door Cooling+ with Hygiene Fresh)",400
pkey_product_3,LMV1751ST,28 L Microwave,12-04-1979,26-02-2025,AP,"Voltas Beko 28 L Convection Microwave Oven, 5 power levels (MC28BD, Black)",200
pkey_product_4,NE-1054CCDH,20 L Microwave,17-04-1979,13-10-2025,AP,Whirlpool 20 L Solo Microwave Oven (MAGICOOK PRO 20SE BLACK),150
pkey_product_5,Hii8056c,Assorted cooking range,01-04-1980,12-11-2025,AP,"iBELL FLAME 4 Burner Hob Gas Stove, Auto Ignition, Toughened Glass top, Big size",455
pkey_product_6,LREL6323S,Auto Ignition cooking range,21-11-1980,08-01-2026,AP,"iBELL AGS9413 SLM Gas Stove 3 Burner with Auto Ignition Switch, Elegant Square Pan Support, 7 mm Toughened",400
pkey_product_7,SHEM78ZH5N,Voltas Dishwasher,22-10-1982,12-05-2026,AP,"Voltas Beko DT8B Free Standing 8 Place Settings Dishwasher (DT8B, Black, Inbuilt Heater)",450
pkey_product_8,DW80R9950US,Bosch Dishwasher,20-07-1983,24-07-2026,AP,"Bosch 13 Place Settings Dishwasher (SMS66GI01I, Silver Inox)",400
pkey_product_9,MDB8959SKZ,IFB Dishwasher,17-01-1984,23-09-2026,AP,"IFB 13 Place Settings Dishwasher (SMS66GW01I, White)",400
pkey_product_10,FFFC25M4TW,Single Door freezer,19-11-1987,31-03-2027,AP,"Amazon Basics Single Door Deep Freezer, 94 L, White",200
pkey_product_11,YMET8800FZ,Prestige cooking range,30-03-1990,06-03-2028,AP,"Prestige Magic Plus GTMP-03 Powder Coated Toughened Black-Glass Top LP Gas Stove with 3 Brass Burner, Black",400
pkey_product_12,Hgi8046uc,Pigeon cooking range,17-06-1991,18-07-2028,AP,"Pigeon by Stovekraft Aster Gas Stove 4 Burner with High Powered Brass Burner, Gas Cooktop with Glass Top",500
pkey_product_13,WF45R6100AP,NU Automatic washer,11-10-1996,17-11-2028,AP,NU 7 Kg Semi-Automatic Top Load Washing Machine with Soft Close Premium Toughened Glass Lid,800
pkey_product_14,DVE45T6100P,Fully Automatic dryer,10-12-2004,23-01-2029,AP,"IFB 5.5 kg Fully-automatic Dryer (TURBO DRY,white,Inbuilt Heater, Allergy Free Technology",500
pkey_product_15,MVWC465HW,Samsung washer,10-12-2007,20-08-2029,AP,Samsung 8.5 kg 5 Star Semi-Automatic Top Loading Washing Machine,1000
pkey_product_16,B002C9JNU0,D-link Router,10-12-2007,20-08-2029,EL,D-Link DCS-1100 Mydlink-enabled 10 100 Fixed IP Network Camera with Built-in Microphone,50
pkey_product_17,B0057XXZWK,Bata Sandals,10-12-2007,20-08-2029,CL,BATA Women's Pix-aw17 Sandal,60
pkey_product_18,B001W9EX8S,Classic Maxi Dress,10-12-2007,20-08-2029,CL,Women's Poly Chiffon Classic Maxi Dress,100
pkey_product_19,B000051335,Straight Maxi Dress,10-12-2007,20-08-2029,CL,Women's Rayon Straight Maxi Dress,40
pkey_product_20,B000IM7HO2,Mobile Scanner,10-12-2007,20-08-2029,EL,Visioneer RoadWarrior Mobile 600 DPI USB Scanner RW120-WU,69
pkey_product_21,B000ZHB2HS,3M Mouse Pad,10-12-2007,20-08-2029,EL,3M Large Mouse Pad with Gel Wrist Rest Black Leatherette Antimicrobial Product Protection MW310LE,56
pkey_product_22,B0000AQOHP,Avery labels Paper,10-12-2007,20-08-2029,OS,Avery 5029 Clear Self-Adhesive Filing Labels 3-7 16 x 2 3 30 sheet 450 pack,45
pkey_product_23,B00004Z8NI,HP Printer,10-12-2007,20-08-2029,OS,Hewlett Packard Value Pk-Black Ink Cart Print Head Cleaner Designjet 1000 Seris,788
pkey_product_24,B003BFXFHG,HP Cartridge,10-12-2007,20-08-2029,OS,HP Laserjet 78A Black Cartridge in Retail Packaging CE278A,123
pkey_product_25,B00429N192,Nikon Camera,10-12-2007,20-08-2029,EL,Nikon COOLPIX L120 14.1 MP Digital Camera with 21x NIKKOR Wide-Angle Optical Zoom Lens and 3-Inch LCD Bronze,120
pkey_product_26,B000Z3K46W,Sony Camera,10-12-2007,20-08-2029,EL,Sony SAL30M28 30mm f 2.8 Lens for Alpha Digital SLR Cameras,230
pkey_product_27,B0000C73CQ,Amazon Induction,10-12-2007,20-08-2029,HK,Amazon Basics 1900 Watt Induction Cooktop,321
pkey_product_28,B00508HVKO,Prestige Induction,10-12-2007,20-08-2029,HK,Prestige PIC 20 1600 Watt Induction Cooktop with Push button,45
pkey_product_29,B00000J0HX,Einstein Box Toy,10-12-2007,20-08-2029,TG,Einstein Box Science Gift Set of Slime Kit,67
pkey_product_30,B00284AQLO,Toyzone Doll House,10-12-2007,20-08-2029,TG,Toyzone Dream Palace Doll House(40 Pcs)-44161 | Play Set,80
pkey_product_31,B0002K6VVK,Plush Toys,10-12-2007,20-08-2029,TG,Babique Octopus Sitting Plush Soft Toy Cute Kids Animal Home Decor Boys/Girls,90
pkey_product_32,B001RB24MI,Mosquito Net,10-12-2007,20-08-2029,GO,Classic Mosquito Net for Double Bed,99
pkey_product_33,B00507NELK,Garden Umbrella,10-12-2007,20-08-2029,GO,OUTO Outdoor Garden Umbrella with Stand Holder Big Size Waterproof Heavy Duty Cloth Balcony Shedding,87
pkey_product_34,B0010OSE62,Inflatable Pool,10-12-2007,20-08-2029,GO,"Vunexo / Inflatable Swimming Pool adults Above Ground,10Feet-Swimming Pools Bestway for Kids",60
pkey_product_35,B000RI190A,Pot set,10-12-2007,20-08-2029,GO,"Garden Art White Plant Pots Set of 3,Indoor Ceramic Flower Pot with Saucers",50
pkey_product_36,B004C3X27Y,Plat Stand,10-12-2007,20-08-2029,GO,Green Gardenia Iron Plant Stand/Plant Stand for Balcony/Flower Pot Stand,40
pkey_product_37,B000KRN88O,Van Heusen T Shirt,10-12-2007,20-08-2029,CL,Van Heusen Men's Regular Fit Polo Shirt,30
pkey_product_38,B0012YTDJC,Puma T Shirt,10-12-2007,20-08-2029,CL,Puma Girls T-shirt,20
pkey_product_39,B001V9KFZY,Hoodie,10-12-2007,20-08-2029,CL,Van Heusen Sport Men's Cotton Blend Hooded and Crew Neck hoodie,10
pkey_product_40,B0013AV4M4,Shirt and Shorts,10-12-2007,20-08-2029,CL,Boys Cotton and Spandex All-Over Print Shirt And Shorts,45
pkey_product_41,B0052RVEHO,T shirt and Shorts,10-12-2007,20-08-2029,CL,Girls Cotton All-Over Print T-shirt And Shorts Set in Black,56
pkey_product_42,B00470Q7X8,T shirt and Dungaree,10-12-2007,20-08-2029,CL,Boys Polycotton Stripes Print T-Shirt And Dungaree Set,67
pkey_product_43,B002XJJ8OK,Top and Short,10-12-2007,20-08-2029,CL,Girls Polyester Wing Sleeves Printed Top and Shorts Set,78
pkey_product_44,B002XUJDXU,Cloth Dryer,10-12-2007,20-08-2029,HK,LiMETRO STEEL Stainless Steel Foldable Cloth Dryer Stand Double Rack Cloth Stands for Drying Clothes Steel�,98
pkey_product_45,B002RUAWTU,Knife Set,10-12-2007,20-08-2029,HK,Angular Holder Pigeon Shears Kitchen Knifes 6 Piece Set with Wooden Block�,55
pkey_product_46,B003NSBLPY,Pressure Cooker,10-12-2007,20-08-2029,HK,Pigeon By Stovekraft Favourite Aluminium Pressure Cooker with Outer Lid Induction and Gas Stove Compatible 5 Litre,44
pkey_product_47,B003ICX6TE,Pegeon Cooktop,10-12-2007,20-08-2029,HK,Pigeon by Stovekraft Aster 3 Burner Gas Stove with High Powered Brass Burner Gas Cooktop,33
pkey_product_48,B004DHZ9RU,Cookware set,10-12-2007,20-08-2029,HK,"Pigeon Mio Nonstick Aluminium Cookware Gift Set, Includes Nonstick Flat Tawa, Nonstick Fry Pan,",22
pkey_product_49,B004HW73OS,Nonstick tawa,10-12-2007,20-08-2029,HK,"Pigeon Nonstick Cookware Set of 7 Piece, Includes Nonstick Tawa 23 cm,",11
pkey_product_50,B004JMZPK0,Paint Kit,10-12-2007,20-08-2029,OS,Fevicryl Acrylic Colours Sunflower Kit (10 Colors x 15 ml) DIY Paint,77
