sourcePKey,Location,Site Id,Site Manager,Site Manager Email,Phone Id,Email Id,Address Id,Warehouse,Address Line 1,City,State,Country,Phone Number,Email Address
pkey_orghq_11,"Homekart, India HQ",21,,,,,,,,,,IN,,
pkey_orghq_12,"Homekart, Bangalore",22,,,,,,,,,,IN,,
pkey_orghq_13,"Homekart, Hyderabad",23,,,,,,,,,,IN,,
pkey_orghq_14,"Homekart, Delhi",24,,,,,,,,,,IN,,
pkey_orghq_15,"Homekart, Chennai",25,,,,,,,,,,IN,,
pkey_orghq_16,"Homekart, Mumbai",26,,,,,,,,,,IN,,
pkey_orghq_17,"Homekart, Kolkata",27,,,,,,,,,,IN,,
pkey_orghq_18,"Homekart, Kochi",28,,,,,,,,,,IN,,
pkey_orghq_19,"Homekart, Indore",29,,,,,,,,,,IN,,
pkey_orghq_20,"Homekart, Nellore",30,,,,,,,,,,IN,,
pkey_orghq_21,"Homekart, Hubli",31,,,,,,,,,,IN,,
