Hierarchy Instance.Source Primary Key,Description,Name,Root Source Primary Key,Parent Source Primary Key,Child Source Primary Key,HQ to Site.Source Primary Key
pkey_hierarchy_Homekart,Appliance Store Hierarchy,Homekart,pkey_orghq_1,pkey_orghq_1,pkey_orgsite_1,pkey_org_to_hq_rel_1
pkey_hierarchy_Homekart,Appliance Store Hierarchy,Homekart,pkey_orghq_1,pkey_orghq_1,pkey_orgsite_2,pkey_org_to_hq_rel_2
pkey_hierarchy_Homekart,Appliance Store Hierarchy,Homekart,pkey_orghq_1,pkey_orghq_1,pkey_orgsite_3,pkey_org_to_hq_rel_3
pkey_hierarchy_Homekart,Appliance Store Hierarchy,Homekart,pkey_orghq_1,pkey_orghq_1,pkey_orgsite_4,pkey_org_to_hq_rel_4
pkey_hierarchy_Homekart,Appliance Store Hierarchy,Homekart,pkey_orghq_1,pkey_orghq_1,pkey_orgsite_5,pkey_org_to_hq_rel_5
pkey_hierarchy_Homekart,Appliance Store Hierarchy,Homekart,pkey_orghq_1,pkey_orghq_1,pkey_orgsite_6,pkey_org_to_hq_rel_6
pkey_hierarchy_Homekart,Appliance Store Hierarchy,Homekart,pkey_orghq_1,pkey_orghq_1,pkey_orgsite_7,pkey_org_to_hq_rel_7
pkey_hierarchy_Homekart,Appliance Store Hierarchy,Homekart,pkey_orghq_1,pkey_orghq_1,pkey_orgsite_8,pkey_org_to_hq_rel_8
pkey_hierarchy_Homekart,Appliance Store Hierarchy,Homekart,pkey_orghq_1,pkey_orghq_1,pkey_orgsite_9,pkey_org_to_hq_rel_9
pkey_hierarchy_Homekart,Appliance Store Hierarchy,Homekart,pkey_orghq_1,pkey_orghq_1,pkey_orgsite_10,pkey_org_to_hq_rel_10
