From Source PKey,To Source PKey,Source Primary Key,Inventory
pkey_orgsite_1,pkey_product_1,pkey_sells_1,15
pkey_orgsite_1,pkey_product_2,pkey_sells_2,19
pkey_orgsite_1,pkey_product_3,pkey_sells_3,23
pkey_orgsite_1,pkey_product_4,pkey_sells_4,27
pkey_orgsite_2,pkey_product_5,pkey_sells_5,1
pkey_orgsite_2,pkey_product_6,pkey_sells_6,35
pkey_orgsite_2,pkey_product_7,pkey_sells_7,39
pkey_orgsite_2,pkey_product_8,pkey_sells_8,0
pkey_orgsite_2,pkey_product_9,pkey_sells_9,39
pkey_orgsite_2,pkey_product_10,pkey_sells_10,35
pkey_orgsite_3,pkey_product_11,pkey_sells_11,31
pkey_orgsite_3,pkey_product_12,pkey_sells_12,27
pkey_orgsite_3,pkey_product_13,pkey_sells_13,23
pkey_orgsite_3,pkey_product_14,pkey_sells_14,19
pkey_orgsite_3,pkey_product_15,pkey_sells_15,15
pkey_orgsite_3,pkey_product_1,pkey_sells_16,11
pkey_orgsite_4,pkey_product_2,pkey_sells_17,0
pkey_orgsite_4,pkey_product_3,pkey_sells_18,15
pkey_orgsite_4,pkey_product_4,pkey_sells_19,17
pkey_orgsite_4,pkey_product_5,pkey_sells_20,19
pkey_orgsite_4,pkey_product_6,pkey_sells_21,21
pkey_orgsite_5,pkey_product_7,pkey_sells_22,23
pkey_orgsite_5,pkey_product_8,pkey_sells_23,25
pkey_orgsite_5,pkey_product_9,pkey_sells_24,24
pkey_orgsite_5,pkey_product_10,pkey_sells_25,23
pkey_orgsite_5,pkey_product_11,pkey_sells_26,22
pkey_orgsite_6,pkey_product_12,pkey_sells_27,21
pkey_orgsite_6,pkey_product_13,pkey_sells_28,20
pkey_orgsite_6,pkey_product_14,pkey_sells_29,19
pkey_orgsite_6,pkey_product_15,pkey_sells_30,18
pkey_orgsite_6,pkey_product_1,pkey_sells_31,0
pkey_orgsite_6,pkey_product_2,pkey_sells_32,16
pkey_orgsite_7,pkey_product_3,pkey_sells_33,15
pkey_orgsite_7,pkey_product_4,pkey_sells_34,14
pkey_orgsite_7,pkey_product_5,pkey_sells_35,13
pkey_orgsite_7,pkey_product_6,pkey_sells_36,12
pkey_orgsite_7,pkey_product_7,pkey_sells_37,16
pkey_orgsite_7,pkey_product_8,pkey_sells_38,20
pkey_orgsite_8,pkey_product_9,pkey_sells_39,24
pkey_orgsite_8,pkey_product_10,pkey_sells_40,28
pkey_orgsite_8,pkey_product_11,pkey_sells_41,32
pkey_orgsite_8,pkey_product_12,pkey_sells_42,36
pkey_orgsite_8,pkey_product_13,pkey_sells_43,0
pkey_orgsite_8,pkey_product_14,pkey_sells_44,44
pkey_orgsite_9,pkey_product_15,pkey_sells_45,48
pkey_orgsite_9,pkey_product_1,pkey_sells_46,52
pkey_orgsite_9,pkey_product_2,pkey_sells_47,56
pkey_orgsite_9,pkey_product_3,pkey_sells_48,50
pkey_orgsite_10,pkey_product_4,pkey_sells_49,44
pkey_orgsite_10,pkey_product_5,pkey_sells_50,38
pkey_orgsite_10,pkey_product_6,pkey_sells_51,32
pkey_orgsite_10,pkey_product_7,pkey_sells_52,26
pkey_orgsite_10,pkey_product_8,pkey_sells_53,20
pkey_orgsite_10,pkey_product_9,pkey_sells_54,14
pkey_orgsite_10,pkey_product_10,pkey_sells_55,8
