sourcePKey,First Name,Middle Name,Last Name,Full Name,Prefix Name,Suffix Name,Gender,Address Line 1,Address Line 2,Address Line 3,Country,State,City,County,Postal Code,Phone.Source Primary Key,Phone Number,Address.Source Primary Key
contact_sourcePkey_8,Kimberly,Anthony,Reynolds,Kimberly ,Ms.,,F,51120 State Route 18,,,US,AK,Salt Lake City,,84115,phone_pk1,,add_pk1
contact_sourcePkey_9,Brandy,Jonathan,Serrano,Brandy,Prof.,,F,1482 College Ave,,,US,AZ,Fayetteville,,28301,phone_pk2,253 712 9690,add_pk2
contact_sourcePkey_10,Corey,Blake,Dunn,Corey,Ms.,,M,4119 Metropolitan Dr,,,US,AZ,Los Angeles,,90021,phone_pk3,384 425 4738,add_pk3
contact_sourcePkey_11,Chelsey,Samantha,Lucero,Chelsey,Prof.,,M,2167 Sierra Rd,,,US,CA,East Lansing,,48823,phone_pk4,379 978 6029,add_pk4
contact_sourcePkey_12,Jamie,Amy,Greer,Jamie,Mrs.,,U,6 Sunrise Ave,,,US,CO,Utica,,13501,phone_pk5,851 898 6093,add_pk5
contact_sourcePkey_13,Shelby,Nicholas,Green,Shelby,Mrs.,,F,55713 Lake City Hwy,,,US,AZ,South Bend,,46601,phone_pk6,466 006 3930,add_pk6
contact_sourcePkey_14,Rachel,Gregory,Pruitt,Rachel,Miss,,M,75698 N Fiesta Blvd,,,US,DE,Orlando,,32806,phone_pk7,692 106 1881,add_pk7
contact_sourcePkey_15,Valerie,Lori,Gilmore,Valerie,Miss,,F,88 Sw 28th Ter,,,US,DC,Harrison,,7029,phone_pk8,971 990 9919,add_pk8
contact_sourcePkey_16,Allison,Nicole,Wong,Allison,Mrs.,,U,7 Flowers Rd #403,,,US,FL,Trenton,,8611,phone_pk9,915 238 3566,add_pk9
contact_sourcePkey_17,Elizabeth,Duane,Acosta,Elizabeth,Prof.,,U,4 Nw 12th St #3849,,,US,FL,Madison,,53717,phone_pk10,570 108 7715,add_pk10
contact_sourcePkey_18,Alex,David,Beard,Alex,Dr.,,U,2 A Kelley Dr,,,US,HI,Katonah,,10536,phone_pk11,929 984 6566,add_pk11
contact_sourcePkey_19,Sandra,Lori,Hall,Sandra,Ms.,,F,88827 Frankford Ave,,,US,ID,Greensboro,,27401,phone_pk12,095 755 0732,add_pk12
contact_sourcePkey_20,Teresa,Joshua,Jennings,Teresa,Mr.,,F,2 W Scyene Rd #3,,,US,IL,Baltimore,,21217,phone_pk13,608 492 8580,add_pk13
contact_sourcePkey_21,Miguel,Nicole,Jones,Miguel,Mr.,,F,62260 Park Stre,,,US,IL,Monroe Township,,8831,phone_pk14,390 261 4941,add_pk14
contact_sourcePkey_22,Helen,Ralph,Cooper,Helen,Mr.,,F,3424 29th St Se,,,US,IA,Kerrville,,78028,phone_pk15,283 774 6176,add_pk15
contact_sourcePkey_23,Richard,Kenneth,Fitzgerald,Richard,Prof.,,F,35 E Main St #43,,,US,KS,Elk Grove Village,,60007,phone_pk16,651 832 1083,add_pk16
contact_sourcePkey_24,Sarah,Claire,Johnson,Sarah,Mrs.,,F,7163 W Clark Rd,,,US,KY,Freehold,,7728,phone_pk17,094 595 1842,add_pk17
contact_sourcePkey_25,Joel,John,Burke,Joel,Mr.,,U,21575 S Apple Creek Rd,,,US,LA,Omaha,,68124,phone_pk18,126 765 3166,add_pk18
contact_sourcePkey_26,Ryan,Phillip,Wallace,Ryan,Prof.,,U,747 Leonis Blvd,,,US,ME,Annandale,,22003,phone_pk19,233 898 2471,add_pk19
contact_sourcePkey_27,Yvonne,Caleb,Mcclure,Yvonne,Ms.,,F,13 Gunnison St,,,US,MD,Plano,,75075,phone_pk20,633 116 5499,add_pk20
contact_sourcePkey_28,Craig,Kelsey,Lane,Craig,Ms.,,U,18 3rd Ave,,,US,MA,New York,,10016,phone_pk21,888 837 3830,add_pk21
contact_sourcePkey_29,Becky,Heather,Thompson,Becky,Mr.,,M,62 W Austin St,,,US,MI,Syosset,,11791,phone_pk22,766 049 2358,add_pk22
contact_sourcePkey_30,Donald,Fernando,Wagner,Donald,Mrs.,,M,7163 W Clark Rd,,,US,MI,Monroe Township,,34429,phone_pk23,300 709 3112,add_pk23
contact_sourcePkey_31,Robin,James,Kramer,Robin,Miss,,F,21575 S Apple Creek Rd,,,US,MS,Kerrville,,46040,phone_pk24,251 762 8860,add_pk24
contact_sourcePkey_32, Cornls,John,Non, Cornls,Mr.,,F,8284 Hart St,,,US,MO,Elk Grove Village,,39211,phone_pk106,,add_pk106
contact_sourcePkey_33, Corny,Phillip,Anon, Corny,Prof.,,M,5 Washington St #1,,,US,MT,Freehold,,75075,phone_pk107,,add_pk107
contact_sourcePkey_34, Connie,Caleb,Anon, Connie,Mrs.,,M,8 S Haven St,,,US,NE,Omaha,,10016,phone_pk108,,add_pk108
contact_sourcePkey_35,�Cornelious,Kelsey,Anon,�Cornelious,Mr.,,U,9 Front St,,,US,NV,Annandale,,11791,phone_pk109,,add_pk109
contact_sourcePkey_36, Debbie,Heather,Aggerwal, Debbie,Prof.,,F,1933 Packer Ave #2,,,US,NH,Plano,,34429,phone_pk110,,add_pk110
contact_sourcePkey_37, Debby,Fernando,Aggarwal, Debby,Ms.,,M,67 Rv Cent,,,US,NJ,New York,,46040,phone_pk111,,add_pk111
contact_sourcePkey_38, Debra,James,Agarwal, Debra,Ms.,,F,2 Sw Nyberg Rd,,,US,NM,Syosset,,64504,phone_pk112,,add_pk112
contact_sourcePkey_39, Ned,Anthony,Archer, Ned,Mr.,,U,89992 E 15th St,,,US,NY,Monroe Township,,39211,phone_pk113,,add_pk113
contact_sourcePkey_40, Neddy,Jonathan,Archer, Neddy,Mrs.,,U,61556 W 20th Ave,,,US,NC,Kerrville,,75075,phone_pk114,,add_pk114
contact_sourcePkey_41, Ed,Claire,Jones, Ed,Miss,,U,63 E Aurora Dr,,,US,ND,Elk Grove Village,,10016,phone_pk115,,add_pk115
contact_sourcePkey_42, Eddy,John,Jons, Eddy,Ms.,,F,6649 N Blue Gum St,,,US,OH,Freehold,,11791,phone_pk116,,add_pk116
contact_sourcePkey_43, Beth,Phillip,Angi, Beth,Prof.,,F,228 Runamuck Pl #2808,,,US,OK,Plano,,34429,phone_pk117,,add_pk117
contact_sourcePkey_44, Betty,Caleb,Angilelo, Betty,Mr.,,F,3 Secor Rd,,,US,OK,New York,,46040,phone_pk118,,add_pk118
contact_sourcePkey_45, Bes,Kelsey,Angilello, Bes,Mr.,,F,2371 Jerrold Ave,,,US,PA,Syosset,,64504,phone_pk119,,add_pk119
contact_sourcePkey_46, Bess,Heather,Angilello, Bess,Prof.,,F,37275 St  Rt 17m M,,,US,RI,Monroe Township,,39211,phone_pk120,,add_pk120
contact_sourcePkey_47, Bessie,Fernando,Angilello, Bessie,Mrs.,,F,25 E 75th St #69,,,US,SC,Kerrville,,75075,phone_pk121,,add_pk121
contact_sourcePkey_48, Betsy,James,Angilello, Betsy,Mr.,,U,98 Connecticut Ave Nw,,,US,SD,Elk Grove Village,,10016,phone_pk122,,add_pk122
contact_sourcePkey_49, Liz,Anthony,Tyson, Liz,Prof.,,F,56 E Morehead St,,,US,SD,Freehold,,11791,phone_pk123,,add_pk123
contact_sourcePkey_50, Lizzie,Jonathan,Smith, Lizzie,Ms.,,F,73 State Road 434 E,,,US,TX,Freehold,,34429,phone_pk124,,add_pk124
